"CorrelationId","DurationMs","StartSchedulingMode","CommitSchedulingMode","AudioStartGuard","AudioStartHeadroomMs","TimelineOffsetMs","ScheduleSkewMs","LatencyMs","LeadMs","Source"
"console-replay:mgoc7ylg2cbl6vhs","40","timeline","timeline","headroom","12","12","311.16697899997234","303.16697899997234","8","console.replay"
"console-replay:mgoc82yelju13j78","40","timeline","timeline","headroom","12","12","248.60598900914192","240.60598900914192","8","console.replay"
"console-replay:mgoc7yixeg5szk9k","40","timeline","timeline","headroom","12","12","227.8563539981842","219.8563539981842","8","console.replay"
"console-replay:mgoc7ubkm86nq2df","60","timeline","timeline","headroom","12","12","222.64114598929882","214.64114598929882","8","console.replay"
"console-replay:mgoc840gjejuapo3","40","timeline","timeline","headroom","12","12","219.94630201160908","211.94630201160908","8","console.replay"
"console-replay:mgoc7nn7fqvuc8rn","60","timeline","timeline","headroom","12","12","213.30609399080276","205.30609399080276","8","console.replay"
"console-replay:mgoc7pi48znrm3iu","60","timeline","timeline","headroom","12","12","213.14130200445652","205.14130200445652","8","console.replay"
"console-replay:mgoc80t3w660b3j9","40","timeline","timeline","headroom","12","12","205.5000519901514","197.5000519901514","8","console.replay"
"console-replay:mgoc7zsdomkc4cge","40","timeline","timeline","headroom","12","12","185.73448000848293","177.73448000848293","8","console.replay"
"console-replay:mgoc7zvm94a1jwqa","120","timeline","timeline","headroom","12","12","183.6388539969921","175.6388539969921","8","console.replay"
"console-replay:mgoc843l84yjfygy","40","timeline","timeline","headroom","12","12","180.69145900011063","172.69145900011063","8","console.replay"
"console-replay:mgoc83k4iv756ib5","40","timeline","timeline","headroom","12","12","179.09182299673557","171.09182299673557","8","console.replay"
"console-replay:mgoc7uek1k0opc9j","60","timeline","timeline","headroom","12","12","178.77052100002766","170.77052100002766","8","console.replay"
"console-replay:mgoc836r7dkkmgca","120","timeline","timeline","headroom","12","12","177.69645901024342","169.69645901024342","8","console.replay"
"console-replay:mgoc7nrjcv54x8li","60","timeline","timeline","headroom","12","12","175.8932289928198","167.8932289928198","8","console.replay"
"console-replay:mgoc83gv0co2r0my","40","timeline","timeline","headroom","12","12","175.64385399222374","167.64385399222374","8","console.replay"
"console-replay:mgoc83n8cflp8l2w","120","timeline","timeline","headroom","12","12","175.49604199826717","167.49604199826717","8","console.replay"
"console-replay:mgoc80f258g8305f","120","timeline","timeline","headroom","12","12","174.41822899878025","166.41822899878025","8","console.replay"
"console-replay:mgoc808tjs7jaozo","40","timeline","timeline","headroom","12","12","174.13708300888538","166.13708300888538","8","console.replay"
"console-replay:mgoc83qjg2458ssg","120","timeline","timeline","headroom","12","12","173.38786399364471","165.38786399364471","8","console.replay"
"console-replay:mgoc80bwl10a66k3","40","timeline","timeline","headroom","12","12","172.87489600479603","164.87489600479603","8","console.replay"
"console-replay:mgoc80w4ecskg13y","40","timeline","timeline","headroom","12","12","171.30661399662495","163.30661399662495","8","console.replay"
"console-replay:mgoc7nurn08opxha","60","timeline","timeline","headroom","12","12","169.56286400556564","161.56286400556564","8","console.replay"
"console-replay:mgoc833or5b6j13e","120","timeline","timeline","headroom","12","12","168.75926999747753","160.75926999747753","8","console.replay"
"console-replay:mgoc82chmr62069z","40","timeline","timeline","headroom","12","12","168.25301998853683","160.25301998853683","8","console.replay"
"console-replay:mgoc7yskwrb0d2tr","120","timeline","timeline","headroom","12","12","167.9455730021","159.9455730021","8","console.replay"
"console-replay:mgoc7zz4htc7tvml","120","timeline","timeline","headroom","12","12","167.4515110105276","159.4515110105276","8","console.replay"
"console-replay:mgoc81saceq0hezm","40","timeline","timeline","headroom","12","12","164.5669790059328","156.5669790059328","8","console.replay"
"console-replay:mgoc7zph9unwonls","40","timeline","timeline","headroom","12","12","163.6286459863186","155.6286459863186","8","console.replay"
"console-replay:mgoc7z7yy8nk2bqr","40","timeline","timeline","headroom","12","12","163.4052609950304","155.4052609950304","8","console.replay"
"console-replay:mgoc7zb150295y91","120","timeline","timeline","headroom","12","12","162.5655210018158","154.5655210018158","8","console.replay"
"console-replay:mgoc7z537esejcma","40","timeline","timeline","headroom","12","12","161.59989599883556","153.59989599883556","8","console.replay"
"console-replay:mgoc7pfcbf2hyf56","60","timeline","timeline","headroom","12","12","160.89093700051308","152.89093700051308","8","console.replay"
"console-replay:mgoc79365qcazuwl","360","timeline","timeline","headroom","12","12","160.07442699372768","152.07442699372768","8","console.replay"
"console-replay:mgoc82ik9idocvb6","120","timeline","timeline","headroom","12","12","157.9331770092249","149.9331770092249","8","console.replay"
"console-replay:mgoc81ve17pig0x0","40","timeline","timeline","headroom","12","12","157.73572899401188","149.73572899401188","8","console.replay"
"console-replay:mgoc79fsgssb1f0g","120","timeline","timeline","headroom","12","12","156.92921900749207","148.92921900749207","8","console.replay"
"console-replay:mgoc82fo7cpmfus6","40","timeline","timeline","headroom","12","12","156.48724000155926","148.48724000155926","8","console.replay"
"console-replay:mgoc7plf989489lr","180","timeline","timeline","headroom","12","12","155.77447900176048","147.77447900176048","8","console.replay"
"console-replay:mgoc7yvrhp9b7fgl","120","timeline","timeline","headroom","12","12","154.77817699313164","146.77817699313164","8","console.replay"
"console-replay:mgoc81ydc26kxoku","120","timeline","timeline","headroom","12","12","153.52265599370003","145.52265599370003","8","console.replay"
"console-replay:mgoc82w4qn13icw5","40","timeline","timeline","headroom","12","12","145.87973900139332","137.87973900139332","8","console.replay"
"console-replay:mgoc7q9psrkke5rr","60","timeline","timeline","headroom","12","12","145.37349000573158","137.37349000573158","8","console.replay"
"console-replay:mgoc8216zqg0yixh","120","timeline","timeline","headroom","12","12","145.00374999642372","137.00374999642372","8","console.replay"
"console-replay:mgoc77egpjsld9h5","360","timeline","timeline","headroom","12","12","141.41645799577236","133.41645799577236","8","console.replay"
"console-replay:mgoc7f3pj0aov9kd","360","timeline","timeline","headroom","12","12","136.73098899424076","128.73098899424076","8","console.replay"
"console-replay:mgoc7zii7is0zgnk","120","timeline","timeline","headroom","12","12","133.29874999821186","125.29874999821186","8","console.replay"
"console-replay:mgoc83tmv6p7d1se","120","timeline","timeline","headroom","12","12","130.05328200757504","122.05328200757504","8","console.replay"
"console-replay:mgoc7jda7og0qy3v","120","timeline","timeline","headroom","12","12","129.54525999724865","121.54525999724865","8","console.replay"
"console-replay:mgoc7w3ztvfwn3n0","60","timeline","timeline","headroom","12","12","129.384113997221","121.384113997221","8","console.replay"
"console-replay:mgoc83f0hf4nrxby","40","timeline","timeline","headroom","12","12","128.9608860015869","120.96088600158691","8","console.replay"
"console-replay:mgoc83yne2c1liva","40","timeline","timeline","headroom","12","12","125.99213500320911","117.99213500320911","8","console.replay"
"console-replay:mgoc81qhb2lyrkgs","40","timeline","timeline","headroom","12","12","125.19562500715256","117.19562500715256","8","console.replay"
"console-replay:mgoc82ao4dvkfyj7","40","timeline","timeline","headroom","12","12","124.53416700661182","116.53416700661182","8","console.replay"
"console-replay:mgoc83a5zddpziz1","120","timeline","timeline","headroom","12","12","123.00041699409485","115.00041699409485","8","console.replay"
"console-replay:mgoc7e857i6wgl78","120","timeline","timeline","headroom","12","12","121.98953099548817","113.98953099548817","8","console.replay"
"console-replay:mgoc7oa9n4hz36p9","180","timeline","timeline","headroom","12","12","121.77005198597908","113.77005198597908","8","console.replay"
"console-replay:mgoc7qbwp9sw8q4f","60","timeline","timeline","headroom","12","12","120.61374999582767","112.61374999582767","8","console.replay"
"console-replay:mgoc7sshttbp4r6c","60","timeline","timeline","headroom","12","12","120.52770800888538","112.52770800888538","8","console.replay"
"console-replay:mgoc8029qdgwbnlu","120","timeline","timeline","headroom","12","12","119.89573000371456","111.89573000371456","8","console.replay"
"console-replay:mgoc82qppbrh154d","120","timeline","timeline","headroom","12","12","119.87869800627232","111.87869800627232","8","console.replay"
"console-replay:mgoc80705782eo31","40","timeline","timeline","headroom","12","12","119.7185409963131","111.7185409963131","8","console.replay"
"console-replay:mgoc7suc7x8wg0mg","180","timeline","timeline","headroom","12","12","118.74447900056839","110.74447900056839","8","console.replay"
"console-replay:mgoc80i7vvl4720v","120","timeline","timeline","headroom","12","12","118.65786500275135","110.65786500275135","8","console.replay"
"console-replay:mgoc7opimg6dtppn","60","timeline","timeline","headroom","12","12","118.0917180031538","110.0917180031538","8","console.replay"
"console-replay:mgoc7v62uwvkmu8s","60","timeline","timeline","headroom","12","12","118.03791698813438","110.03791698813438","8","console.replay"
"console-replay:mgoc7g7fctdeq43e","120","timeline","timeline","headroom","12","12","117.92531199753284","109.92531199753284","8","console.replay"
"console-replay:mgoc7tlgxfce6uyc","60","timeline","timeline","headroom","12","12","117.10276100039482","109.10276100039482","8","console.replay"
"console-replay:mgoc7r7exh47bhz9","60","timeline","timeline","headroom","12","12","116.98182299733162","108.98182299733162","8","console.replay"
"console-replay:mgoc80rfh4irc369","40","timeline","timeline","headroom","12","12","116.89432299137115","108.89432299137115","8","console.replay"
"console-replay:mgoc7cyidl5mkt4e","120","timeline","timeline","headroom","12","12","116.44843800365925","108.44843800365925","8","console.replay"
"console-replay:mgoc785374pb3cuj","120","timeline","timeline","headroom","12","12","115.56348998844624","107.56348998844624","8","console.replay"
"console-replay:mgoc7gs357gv3bzx","360","timeline","timeline","headroom","12","12","114.81390599906445","106.81390599906445","8","console.replay"
"console-replay:mgoc7znszabhh69e","40","timeline","timeline","headroom","12","12","114.31624999642372","106.31624999642372","8","console.replay"
"console-replay:mgoc7o3lwci5atzk","180","timeline","timeline","headroom","12","12","113.89817699790001","105.89817699790001","8","console.replay"
"console-replay:mgoc7z3feldahbf0","40","timeline","timeline","headroom","12","12","113.37239599227905","105.37239599227905","8","console.replay"
"console-replay:mgoc7uje2xztaoyx","180","timeline","timeline","headroom","12","12","111.33088499307632","103.33088499307632","8","console.replay"
"console-replay:mgoc7c16dj8lyvrp","360","timeline","timeline","headroom","12","12","111.08708299696445","103.08708299696445","8","console.replay"
"console-replay:mgoc7v1718z69hh3","60","timeline","timeline","headroom","12","12","109.95375001430511","101.95375001430511","8","console.replay"
"console-replay:mgoc79t0v0l8y7j2","120","timeline","timeline","headroom","12","12","109.44822899997234","101.44822899997234","8","console.replay"
"console-replay:mgoc7fuayv1k9tpg","120","timeline","timeline","headroom","12","12","109.43135398626328","101.43135398626328","8","console.replay"
"console-replay:mgoc7yyn39a9mvb1","120","timeline","timeline","headroom","12","12","107.9886460006237","99.9886460006237","8","console.replay"
"console-replay:mgoc7bnx4t6k1ksj","360","timeline","timeline","headroom","12","12","106.93031299114227","98.93031299114227","8","console.replay"
"console-replay:mgoc7or8lusv0szo","180","timeline","timeline","headroom","12","12","106.78125","98.78125","8","console.replay"
"console-replay:mgoc7nxxznkworfh","180","timeline","timeline","headroom","12","12","106.055988997221","98.055988997221","8","console.replay"
"console-replay:mgoc79mic8qyr2ay","120","timeline","timeline","headroom","12","12","104.5728130042553","96.5728130042553","8","console.replay"
"console-replay:mgoc7crrmywdd1ou","120","timeline","timeline","headroom","12","12","104.10598900914192","96.10598900914192","8","console.replay"
"console-replay:mgoc78phc8ys6eif","360","timeline","timeline","headroom","12","12","103.42395900189877","95.42395900189877","8","console.replay"
"console-replay:mgoc7ol7d59429f1","60","timeline","timeline","headroom","12","12","103.3242710083723","95.3242710083723","8","console.replay"
"console-replay:mgoc7eqjvub7mpzb","360","timeline","timeline","headroom","12","12","103.30974000692368","95.30974000692368","8","console.replay"
"console-replay:mgoc77t9ylek5v3c","120","timeline","timeline","headroom","12","12","102.75744800269604","94.75744800269604","8","console.replay"
"console-replay:mgoc7zdz68kgkeuh","120","timeline","timeline","headroom","12","12","102.04927100241184","94.04927100241184","8","console.replay"
"console-replay:mgoc79zsviunr4jr","360","timeline","timeline","headroom","12","12","101.94520799815655","93.94520799815655","8","console.replay"
"console-replay:mgoc76hr3i6hlf8b","120","timeline","timeline","headroom","12","12","101.01046900451183","93.01046900451183","8","console.replay"
"console-replay:mgoc7aqyk4r94xcz","360","timeline","timeline","headroom","12","12","100.65651001036167","92.65651001036167","8","console.replay"
"console-replay:mgoc82lhkqu3wrks","120","timeline","timeline","headroom","12","12","100.41812500357628","92.41812500357628","8","console.replay"
"console-replay:mgoc7v7v9fvznu12","60","timeline","timeline","headroom","12","12","99.44145800173283","91.44145800173283","8","console.replay"
"console-replay:mgoc80n2c2jqabm2","120","timeline","timeline","headroom","12","12","98.56088499724865","90.56088499724865","8","console.replay"
"console-replay:mgoc7pazx3fda8nq","60","timeline","timeline","headroom","12","12","97.95541699230671","89.95541699230671","8","console.replay"
"console-replay:mgoc7prpd8wl68ao","180","timeline","timeline","headroom","12","12","97.90578100085258","89.90578100085258","8","console.replay"
"console-replay:mgoc7szwlbqko47t","180","timeline","timeline","headroom","12","12","97.75890700519085","89.75890700519085","8","console.replay"
"console-replay:mgoc7ednuuv39w36","120","timeline","timeline","headroom","12","12","97.51942700147629","89.51942700147629","8","console.replay"
"console-replay:mgoc7hia1ips9oz3","120","timeline","timeline","headroom","12","12","97.43927100300789","89.43927100300789","8","console.replay"
"console-replay:mgoc76a85qw0irlp","120","timeline","timeline","headroom","12","12","96.98187400400639","88.98187400400639","8","console.replay"
"console-replay:mgoc7snhzcykdzbs","60","timeline","timeline","headroom","12","12","96.90979199111462","88.90979199111462","8","console.replay"
"console-replay:mgoc7oh3zzivsmnk","60","timeline","timeline","headroom","12","12","95.76854200661182","87.76854200661182","8","console.replay"
"console-replay:mgoc7g0nnqh8iyw5","120","timeline","timeline","headroom","12","12","95.49515599012375","87.49515599012375","8","console.replay"
"console-replay:mgoc7tnafvyu38tv","180","timeline","timeline","headroom","12","12","95.25963599979877","87.25963599979877","8","console.replay"
"console-replay:mgoc7b3oeq70whts","120","timeline","timeline","headroom","12","12","95.25901000201702","87.25901000201702","8","console.replay"
"console-replay:mgoc7h572tc006ez","360","timeline","timeline","headroom","12","12","95.05270799994469","87.05270799994469","8","console.replay"
"console-replay:mgoc7vhwz9wcyufv","180","timeline","timeline","headroom","12","12","94.23062498867512","86.23062498867512","8","console.replay"
"console-replay:mgoc7qlqhgygw5re","180","timeline","timeline","headroom","12","12","93.9898440092802","85.9898440092802","8","console.replay"
"console-replay:mgoc7ge3z3pf6prl","360","timeline","timeline","headroom","12","12","93.69020800292492","85.69020800292492","8","console.replay"
"console-replay:mgoc7balknub8awt","120","timeline","timeline","headroom","12","12","93.43437500298023","85.43437500298023","8","console.replay"
"console-replay:mgoc7vvfykjxhuq2","60","timeline","timeline","headroom","12","12","93.12187498807907","85.12187498807907","8","console.replay"
"console-replay:mgoc7r3dlx9djo6f","60","timeline","timeline","headroom","12","12","92.93468700349331","84.93468700349331","8","console.replay"
"console-replay:mgoc7khkibtzq83k","360","timeline","timeline","headroom","12","12","92.24630199372768","84.24630199372768","8","console.replay"
"console-replay:mgoc7ad0tazullyn","360","timeline","timeline","headroom","12","12","92.06104099750519","84.06104099750519","8","console.replay"
"console-replay:mgoc7vzrytjimrx3","60","timeline","timeline","headroom","12","12","91.94083300232887","83.94083300232887","8","console.replay"
"console-replay:mgoc7thh1l1lqzpr","60","timeline","timeline","headroom","12","12","91.93828199803829","83.93828199803829","8","console.replay"
"console-replay:mgoc7u7dirf6fb5k","60","timeline","timeline","headroom","12","12","91.52239499986172","83.52239499986172","8","console.replay"
"console-replay:mgoc7isxz23mvp9x","360","timeline","timeline","headroom","12","12","91.3938540071249","83.3938540071249","8","console.replay"
"console-replay:mgoc7vc1u1u6jfei","180","timeline","timeline","headroom","12","12","90.83531299233437","82.83531299233437","8","console.replay"
"console-replay:mgoc826q1ukybthq","120","timeline","timeline","headroom","12","12","90.62140600383282","82.62140600383282","8","console.replay"
"console-replay:mgoc7qz4c0w9lr2u","60","timeline","timeline","headroom","12","12","90.5418229997158","82.5418229997158","8","console.replay"
"console-replay:mgoc7bhozo259wzw","120","timeline","timeline","headroom","12","12","90.32942700386047","82.32942700386047","8","console.replay"
"console-replay:mgoc7q5c5jp6eglv","60","timeline","timeline","headroom","12","12","90.14114500582218","82.14114500582218","8","console.replay"
"console-replay:mgoc7ejkx7qjwkic","120","timeline","timeline","headroom","12","12","89.50057299435139","81.50057299435139","8","console.replay"
"console-replay:mgoc76ntl8g37lhg","360","timeline","timeline","headroom","12","12","89.35796800255775","81.35796800255775","8","console.replay"
"console-replay:mgoc7sj7wd87qh8k","60","timeline","timeline","headroom","12","12","89.3321879953146","81.3321879953146","8","console.replay"
"console-replay:mgoc7t6mbyoqc154","180","timeline","timeline","headroom","12","12","88.87911500036716","80.87911500036716","8","console.replay"
"console-replay:mgoc7ceka15vpv16","360","timeline","timeline","headroom","12","12","88.48302100598812","80.48302100598812","8","console.replay"
"console-replay:mgoc78bmc6thmdhv","360","timeline","timeline","headroom","12","12","88.43145799636841","80.43145799636841","8","console.replay"
"console-replay:mgoc7hvkct7n9z5s","120","timeline","timeline","headroom","12","12","88.40348999202251","80.40348999202251","8","console.replay"
"console-replay:mgoc7fgrk611j5js","360","timeline","timeline","headroom","12","12","87.5082810074091","79.5082810074091","8","console.replay"
"console-replay:mgoc7pyjkvg0vrio","180","timeline","timeline","headroom","12","12","87.32125000655651","79.32125000655651","8","console.replay"
"console-replay:mgoc7tde5yhfgac0","60","timeline","timeline","headroom","12","12","87.31359399855137","79.31359399855137","8","console.replay"
"console-replay:mgoc77ybvftdbjau","120","timeline","timeline","headroom","12","12","86.59302100539207","78.59302100539207","8","console.replay"
"console-replay:mgoc7p4gela0fab3","180","timeline","timeline","headroom","12","12","86.43859300017357","78.43859300017357","8","console.replay"
"console-replay:mgoc7hos68qxj5fk","120","timeline","timeline","headroom","12","12","86.26229199767113","78.26229199767113","8","console.replay"
"console-replay:mgoc7qgqappp63lw","180","timeline","timeline","headroom","12","12","85.0050520002842","77.0050520002842","8","console.replay"
"console-replay:mgoc7vomg86aj4wx","180","timeline","timeline","headroom","12","12","83.31994800269604","75.31994800269604","8","console.replay"
"console-replay:mgoc7ku6g1lmm29j","120","timeline","timeline","headroom","12","12","83.00218799710274","75.00218799710274","8","console.replay"
"console-replay:mgoc763mf24qnj0e","120","timeline","timeline","headroom","12","12","81.56010399758816","73.56010399758816","8","console.replay"
"console-replay:mgoc7i297tchyuvk","360","timeline","timeline","headroom","12","12","81.45255200564861","73.45255200564861","8","console.replay"
"console-replay:mgoc7oxqd3gjbda0","180","timeline","timeline","headroom","12","12","81.42984400689602","73.42984400689602","8","console.replay"
"console-replay:mgoc7d50phpyw382","120","timeline","timeline","headroom","12","12","81.10312500596046","73.10312500596046","8","console.replay"
"console-replay:mgoc7u0oqxz1ghtd","180","timeline","timeline","headroom","12","12","80.1302610039711","72.1302610039711","8","console.replay"
"console-replay:mgoc7qsibqog6vez","180","timeline","timeline","headroom","12","12","78.93916699290276","70.93916699290276","8","console.replay"
"console-replay:mgoc7k3kkkt6z7yd","360","timeline","timeline","headroom","12","12","78.9273440092802","70.9273440092802","8","console.replay"
"console-replay:mgoc7tu29nlvr283","180","timeline","timeline","headroom","12","12","78.63703100383282","70.63703100383282","8","console.replay"
"console-replay:mgoc7uurh5g69peh","180","timeline","timeline","headroom","12","12","77.19635400176048","69.19635400176048","8","console.replay"
"console-replay:mgoc7l0shb0x5f0v","120","timeline","timeline","headroom","12","12","77.01354099810123","69.01354099810123","8","console.replay"
"console-replay:mgoc7jpxeehpet11","360","timeline","timeline","headroom","12","12","73.50520800054073","65.50520800054073","8","console.replay"
"console-replay:mgoc7ifgvbmqg1ji","360","timeline","timeline","headroom","12","12","72.96296800673008","64.96296800673008","8","console.replay"
"console-replay:mgoc7jjlkaoxxwhy","120","timeline","timeline","headroom","12","12","72.79213599860668","64.79213599860668","8","console.replay"
"console-replay:mgoc7l7f85adga2a","120","timeline","timeline","headroom","12","12","71.5876570045948","63.5876570045948","8","console.replay"
"console-replay:mgoc7unw8gjc8c5w","180","timeline","timeline","headroom","12","12","70.23937499523163","62.23937499523163","8","console.replay"
"console-replay:mgoc7j6xy3e0zt9w","120","timeline","timeline","headroom","12","12","67.60197898745537","59.60197898745537","8","console.replay"
"console-replay:mgoc7719by5px4w8","360","timeline","timeline","headroom","12","12","66.69505199790001","58.69505199790001","8","console.replay"
