"CorrelationId","DurationMs","StartSchedulingMode","CommitSchedulingMode","AudioStartGuard","AudioStartHeadroomMs","TimelineOffsetMs","ScheduleSkewMs","LatencyMs","LeadMs"
"console-replay:mgo8dxyshy118co3",,,"timeline",,,,"524.3763539940119","851.1223089993","8"
"console-replay:mgo8dy14qznpzj2y",,,"timeline",,,,"494.20776000618935","744.9007980078459","8"
"console-replay:mgo8dxd0o228gbel",,,"timeline",,,,"491.9084890037775","594.671684011817","8"
"console-replay:mgo8dy38gjx5fggy",,,"timeline",,,,"470.16546899080276","637.1872050017118","8"
"console-replay:mgo8dy5cxso3dvjj",,,"timeline",,,,"448.7361979931593","611.4818920046091","8"
"console-replay:mgo8dy7cmkrgli9g",,,"timeline",,,,"430.95328100025654","585.8564230054617","8"
"console-replay:mgo8dy9gas92uf54",,,"timeline",,,,"412.9835930019617","563.2327250093222","8"
"console-replay:mgo8dybh0vj91eip",,,"timeline",,,,"395.4944790005684","458.6355900019407","8"
"console-replay:mgo8dysgkh92m3ka",,,"timeline",,,,"370.01880200207233","644.6363710016012","8"
"console-replay:mgo8dxiaj2jeq3n5",,,"timeline",,,,"359.0086459964514","491.8903820067644","8"
"console-replay:mgo8dyo9eelb2q0n",,,"timeline",,,,"355.9589579999447","720.9774650037289","8"
"console-replay:mgo8dyum9vy1reg1",,,"timeline",,,,"354.69880199432373","627.1154340058565","8"
"console-replay:mgo8dyqfthqufskr",,,"timeline",,,,"338.2215100079775","620.0872040092945","8"
"console-replay:mgo8dxknagrb70h7",,,"timeline",,,,"333.8931770026684","471.51923601329327","8"
"console-replay:mgo8dxmmqk6mmysn",,,"timeline",,,,"320.9117700010538","449.6812670081854","8"
"console-replay:mgo8dxoildafiup2",,,"timeline",,,,"309.32088600099087","426.28017400205135","8"
"console-replay:mgo8dx7ox92156fb",,,"timeline",,,,"261.4511449933052","491.5491320043802","8"
"console-replay:mgo92o9yspko6jod",,,"timeline",,,,"219.31182301044464","220.63074401021004","8"
"console-replay:mgo8dwwy7fcpj9dd",,,"timeline",,,,"210.03343699872494","294.8609549999237","8"
"console-replay:mgo8dxat725gd3bd",,,"timeline",,,,"209.3136980086565","393.3714760094881","8"
"console-replay:mgo8dwyz76j57q56",,,"timeline",,,,"192.0770830065012","269.92022600769997","8"
"console-replay:mgo8dx0wuifqxfre",,,"timeline",,,,"187.05635400116444","252.99991400539875","8"
"console-replay:mgo863ifc1g4t2jd",,,"timeline",,,,"179.6863019913435","267.8083969950676","8"
"console-replay:mgo85vzsb0sk7asd",,,"timeline",,,,"177.90859399735928","249.1384319961071","8"
"console-replay:mgo8ftdb946tg43u",,,"timeline",,,,"176.54817700386047","273.0586510002613","8"
"console-replay:mgo8ug75hffvpqdt",,,"timeline",,,,"170.17286399006844","177.92511899769306","8"
"console-replay:mgo8uksszmy5y31n",,,"timeline",,,,"169.22776000201702","171.9084919989109","8"
"console-replay:mgo96krfv735hlmp",,,"timeline",,,,"167.6207289993763","195.22012200951576","8"
"console-replay:mgo8632ufd377vxc",,,"timeline",,,,"167.09338599443436","253.47896999120712","8"
"console-replay:mgo85qwisynfysh4",,,"timeline",,,,"165.1015100032091","160.34728801250458","8"
"console-replay:mgo863lvlq3dvfq1",,,"timeline",,,,"160.5823960006237","211.8865219950676","8"
"console-replay:mgo8ftf3lbpl5akc",,,"timeline",,,,"157.56786499917507","238.48552599549294","8"
"console-replay:mgo863kbuiy9ew1l",,,"timeline",,,,"157.06828099489212","233.24126099050045","8"
"console-replay:mgo8u6d2iwue8gz9",,,"timeline",,,,"153.94432298839092","159.0619369894266","8"
"console-replay:mgo8fc1eze001q8s",,,"timeline",,,,"152.9523959904909","196.2790549993515","8"
"console-replay:mgo8e4fa0wkuhym1",,,"timeline",,,,"152.87958298623562","219.8653789907694","8"
"console-replay:mgo85w1war90by8l",,,"timeline",,,,"148.34187498688698","174.43546299636364","8"
"console-replay:mgo8ftgnaczomrc7",,,"timeline",,,,"147.2731769979","204.15677599608898","8"
"console-replay:mgo8fbn58un22rw2",,,"timeline",,,,"146.00473898649216","160.21400299668312","8"
"console-replay:mgo8dwdludc8bvjr",,,"timeline",,,,"145.0168230086565","171.97975800931454","8"
"console-replay:mgo96m8af8x8b18b",,,"timeline",,,,"138.66036500036716","245.06512200832367","8"
"console-replay:mgo8e2mut952isdd",,,"timeline",,,,"136.37567698955536","202.88720299303532","8"
"console-replay:mgo8dwfp7kzj6biw",,,"timeline",,,,"134.86536400020123","158.6005910038948","8"
"console-replay:mgo8e2u1lu2hfyl3",,,"timeline",,,,"133.63291600346565","301.9651190042496","8"
"console-replay:mgo86c21xfbazm1e",,,"timeline",,,,"131.00942699611187","206.41597600281239","8"
"console-replay:mgo8fyiv85mp5zuz",,,"timeline",,,,"129.03005200624466","272.18967901170254","8"
"console-replay:mgo8630ug8xb8k6l",,,"timeline",,,,"128.74557299911976","225.951052993536","8"
"console-replay:mgo85whvccfzedr7",,,"timeline",,,,"128.06213600933552","126.98908799886703","8"
"console-replay:mgo8fxd9nbmin3ht",,,"timeline",,,,"127.83364500105381","212.32244001328945","8"
"console-replay:mgo92iu44lby7uwt",,,"timeline",,,,"127.18260399997234","162.788424000144","8"
"console-replay:mgo863ruvs69bsj6",,,"timeline",,,,"125.5893219858408","233.1539689898491","8"
"console-replay:mgo8fsbggxanlrfc",,,"timeline",,,,"124.94296899437904","219.3585989922285","8"
"console-replay:mgo863caqpysh94g",,,"timeline",,,,"124.57312500476837","231.59709499776363","8"
"console-replay:mgo8e6fj9cu22u7n",,,"timeline",,,,"124.43182300031185","200.91733600199223","8"
"console-replay:mgo8fyswa7msicly",,,"timeline",,,,"124.37525999546051","228.18254400789738","8"
"console-replay:mgo92fv5uixnipw5",,,"timeline",,,,"123.82010398805141","211.2519459873438","8"
"console-replay:mgo8fm3ymracact1",,,"timeline",,,,"123.47651100158691","207.49709199368954","8"
"console-replay:mgo8644ft2uq24tn",,,"timeline",,,,"123.45270800590515","203.67433400452137","8"
"console-replay:mgo8e2osj0iv25n8",,,"timeline",,,,"123.38140599429607","180.37678599357605","8"
"console-replay:mgo96lfk73ehlk72",,,"timeline",,,,"123.23421800136566","155.9483510106802","8"
"console-replay:mgo8e851kljfysm6",,,"timeline",,,,"122.7280720025301","252.45988699793816","8"
"console-replay:mgo8uvf53hr6t64f",,,"timeline",,,,"122.56000000238419","116.42052900791168","8"
"console-replay:mgo86cm4bj5l9b3x",,,"timeline",,,,"121.79234398901463","199.94701699912548","8"
"console-replay:mgo8fykl18ryyvjd",,,"timeline",,,,"120.94921898841858","245.4813980013132","8"
"console-replay:mgo8urf0fqa6wp49",,,"timeline",,,,"120.376040995121","201.73580099642277","8"
"console-replay:mgo8e4diz14pz116",,,"timeline",,,,"120.3606249988079","204.00928500294685","8"
"console-replay:mgo8e39wzqdvydyk",,,"timeline",,,,"119.92525999248028","216.61527499556541","8"
"console-replay:mgo862gffppl4al2",,,"timeline",,,,"119.88974000513554","199.70006400346756","8"
"console-replay:mgo86cnu1fmknn25",,,"timeline",,,,"119.6696359962225","180.14613200724125","8"
"console-replay:mgo8uumf24jjoj33",,,"timeline",,,,"119.10901100933552","199.97912301123142","8"
"console-replay:mgo8fizsanbf25iq",,,"timeline",,,,"118.90302100777626","127.60837499797344","8"
"console-replay:mgo86dt28jyojrv9",,,"timeline",,,,"118.29963499307632","222.95868299901485","8"
"console-replay:mgo8e7jdtl2obr1j",,,"timeline",,,,"117.96005201339722","187.4328040033579","8"
"console-replay:mgo96qopfl5qvv8f",,,"timeline",,,,"117.36593799293041","186.7876719981432","8"
"console-replay:mgo8uv6df7xghfve",,,"timeline",,,,"117.26776100695133","195.51240400969982","8"
"console-replay:mgo92ivost90o6ot",,,"timeline",,,,"117.13916699588299","112.413424000144","8"
"console-replay:mgo8fyyyv4s6hm3b",,,"timeline",,,,"117.08395799994469","199.09035600721836","8"
"console-replay:mgo92oe2tcdrxk67",,,"timeline",,,,"116.52458399534225","150.14741100370884","8"
"console-replay:mgo8ft8lo3an4ksp",,,"timeline",,,,"116.47140699625015","123.69224499166012","8"
"console-replay:mgo8fxwofv9loa3k",,,"timeline",,,,"115.68557299673557","179.35155500471592","8"
"console-replay:mgo8fydy5pvwy3gv",,,"timeline",,,,"113.37260399758816","163.73702301084995","8"
"console-replay:mgo8e4xbbo384map",,,"timeline",,,,"111.8762499988079","188.1362639963627","8"
"console-replay:mgo86ea3o2k4ton9",,,"timeline",,,,"111.41286499798298","189.36660000681877","8"
"console-replay:mgo96maid9k88rk9",,,"timeline",,,,"109.33286499977112","200.07095500826836","8"
"console-replay:mgo8utmg8v0m3unc",,,"timeline",,,,"109.18953101336956","169.9962690025568","8"
"console-replay:mgo8fxf4ue8jnzae",,,"timeline",,,,"108.68093800544739","182.87712800502777","8"
"console-replay:mgo92fx0f72sddcz",,,"timeline",,,,"108.64182299375534","166.88356098532677","8"
"console-replay:mgo96kuao245fgy7",,,"timeline",,,,"108.48838499188423","144.37819500267506","8"
"console-replay:mgo8e86wgz8ihrn0",,,"timeline",,,,"108.48760399222374","225.29660598933697","8"
"console-replay:mgo8ubk70til7r6f",,,"timeline",,,,"107.80515599250793","133.54391299188137","8"
"console-replay:mgo96qqdoxzpkmnv",,,"timeline",,,,"107.65328100323677","156.42480699717999","8"
"console-replay:mgo863e2tm5xi6zm",,,"timeline",,,,"106.84833300113678","117.75975099205971","8"
"console-replay:mgo86duugwjoqsbz",,,"timeline",,,,"105.95406299829483","114.64769400656223","8"
"console-replay:mgo8e7l3twjgdk44",,,"timeline",,,,"105.48390600085258","157.17962700128555","8"
"console-replay:mgo863tuc95kw9zm",,,"timeline",,,,"105.36541700363159","123.7335010021925","8"
"console-replay:mgo8fsda2m59e9sz",,,"timeline",,,,"104.81041599810123","184.78562998771667","8"
"console-replay:mgo95vytnk2trg2p",,,"timeline",,,,"104.60979199409485","182.9284369945526","8"
"console-replay:mgo8e3bltx76wmi3",,,"timeline",,,,"104.22036400437355","182.4860039949417","8"
"console-replay:mgo86c44krijmmo1",,,"timeline",,,,"104.07697899639606","174.74269400537014","8"
"console-replay:mgo8e8nvspfxzh02",,,"timeline",,,,"103.86026100814342","191.70457500219345","8"
"console-replay:mgo8fyur3y4xzgmq",,,"timeline",,,,"103.80885399878025","114.24327300488949","8"
"console-replay:mgo8fm5uhphk577r",,,"timeline",,,,"103.53244799375534","135.043810993433","8"
"console-replay:mgo8e2w7tt9bqcry",,,"timeline",,,,"103.1418749988079","187.40293200314045","8"
"console-replay:mgo8e6he1c769tno",,,"timeline",,,,"102.83411400020123","165.49879398941994","8"
"console-replay:mgo8ugab5zhepmox",,,"timeline",,,,"102.59848999977112","103.78652600944042","8"
"console-replay:mgo8fhbgyg89v3nk",,,"timeline",,,,"101.91567699611187","98.5905629992485","8"
"console-replay:mgo8646bb87xrez2",,,"timeline",,,,"101.68786399066448","169.05948999524117","8"
"console-replay:mgo96scuc1gsecaj",,,"timeline",,,,"101.22906298935413","175.51886899769306","8"
"console-replay:mgo8fuijxspifql5",,,"timeline",,,,"101.18463499844074","161.66307699680328","8"
"console-replay:mgo96m070sgm428d",,,"timeline",,,,"101.12796799838543","110.66928800940514","8"
"console-replay:mgo8urgrn0fjqr7z",,,"timeline",,,,"101.0072910040617","165.19444699585438","8"
"console-replay:mgo8uuo7rf2bkart",,,"timeline",,,,"100.4236979931593","164.44464400410652","8"
"console-replay:mgo8ukvyevq8w640",,,"timeline",,,,"100.2706770002842","97.05088800191879","8"
"console-replay:mgo8fz0olgum18sa",,,"timeline",,,,"100.03598999977112","163.70488800108433","8"
"console-replay:mgo8fxydbzygt370",,,"timeline",,,,"100.0020319968462","144.81775300204754","8"
"console-replay:mgo862i7uqfhu58b",,,"timeline",,,,"99.85682301223278","163.6419910043478","8"
"console-replay:mgo8uv84dte5sgb0",,,"timeline",,,,"99.64072901010513","160.47881001234055","8"
"console-replay:mgo96lhhjzvhnrfj",,,"timeline",,,,"99.39447900652885","104.23225700855255","8"
"console-replay:mgo8uwtzwf7860bd",,,"timeline",,,,"99.10666601359844","163.74948601424694","8"
"console-replay:mgo8fzknnkbkph7y",,,"timeline",,,,"96.45078100264072","159.10358500480652","8"
"console-replay:mgo864nn6plcdcy9",,,"timeline",,,,"96.13296800851822","148.39287500083447","8"
"console-replay:mgo92li9a9pn926c",,,"timeline",,,,"95.18505200743675","135.17534901201725","8"
"console-replay:mgo85eqo2k0hfp7j",,,"timeline",,,,"94.75942699611187","98.28247098624706","8"
"console-replay:mgo8ud0w7p0d055a",,,"timeline",,,,"92.77713599801064","92.59208999574184","8"
"console-replay:mgo96mo0hcr2lfg9",,,"timeline",,,,"92.37895800173283","93.7616840004921","8"
"console-replay:mgo859l07esjnv9h",,,"timeline",,,,"92.33374999463558","92.1298179924488","8"
"console-replay:mgo8fpdet615q1bk",,,"timeline",,,,"92.32406899333","84.32406899333","8"
"console-replay:mgo8umu3bv24gkal",,,"timeline",,,,"90.38020800054073","93.68234500288963","8"
"console-replay:mgo8u42qlzbgt144",,,"timeline",,,,"90.07312500476837","165.43736501038074","8"
"console-replay:mgo85do2aawrrma7",,,"timeline",,,,"88.61901000142097","103.6034089922905","8"
"console-replay:mgo8uis06xly7yol",,,"timeline",,,,"87.88360799849033","79.88360799849033","8"
"console-replay:mgo96e8ogqxmkhgg",,,"timeline",,,,"87.84265600144863","93.39168798923492","8"
"console-replay:mgo9649n7borze6y",,,"timeline",,,,"87.76348900794983","120.14587000012398","8"
"console-replay:mgo961ufoqtawed7",,,"timeline",,,,"87.67401000857353","101.86639200150967","8"
"console-replay:mgo858ues261uf5j",,,"timeline",,,,"87.66802099347115","90.75106799602509","8"
"console-replay:mgo963vemk11qh5b",,,"timeline",,,,"87.6353120058775","87.11889100074768","8"
"console-replay:mgo8f4k166ovsh4f",,,"timeline",,,,"87.43208301067352","98.21593400835991","8"
"console-replay:mgo8u6x1c6qtq786",,,"timeline",,,,"87.22052100300789","93.84021799266338","8"
"console-replay:mgo85bzubiyg9yxj",,,"timeline",,,,"86.17359399795532","92.59012900292873","8"
"console-replay:mgo95wv39t34oc24",,,"timeline",,,,"85.63364499807358","127.00286300480366","8"
"console-replay:mgo95v621k06dpbq",,,"timeline",,,,"85.62578099966049","88.08052000403404","8"
"console-replay:mgo95sy9sdtkbe01",,,"timeline",,,,"85.42536400258541","99.04796899855137","8"
"console-replay:mgo85hc3i8b67lls",,,"timeline",,,,"84.96708299219608","88.78814698755741","8"
"console-replay:mgo8fo31dtl5y2ph",,,"timeline",,,,"84.46130199730396","88.73724699020386","8"
"console-replay:mgo96n6r1tolr99p",,,"timeline",,,,"84.09489600360394","88.22668400406837","8"
"console-replay:mgo963bohqyy9005",,,"timeline",,,,"84.00734400749207","94.38482899963856","8"
"console-replay:mgo95u8igi15bwzc",,,"timeline",,,,"83.68541699647903","78.97249999642372","8"
"console-replay:mgo8tzy4vc2s31iq",,,"timeline",,,,"83.67953199148178","87.67575299739838","8"
"console-replay:mgo85ac8kn0oi1lk",,,"timeline",,,,"83.55078101158142","108.98820300400257","8"
"console-replay:mgo8fjjomhxeamr8",,,"timeline",,,,"83.00989599525928","88.44660399854183","8"
"console-replay:mgo8u1zqcel1oza7",,,"timeline",,,,"82.4251040071249","98.6212200075388","8"
"console-replay:mgo8fnmbd3klqfp0",,,"timeline",,,,"82.3959379941225","86.31073699891567","8"
"console-replay:mgo8u8y8glmmwwys",,,"timeline",,,,"82.31052100658417","80.62448799610138","8"
"console-replay:mgo95ufqjssvi1x0",,,"timeline",,,,"82.28541600704193","99.60770800709724","8"
"console-replay:mgo8u1mndrklwavv",,,"timeline",,,,"82.16697899997234","104.74470999836922","8"
"console-replay:mgo85f4gyxsevre8",,,"timeline",,,,"82.1418749988079","102.10335698723793","8"
"console-replay:mgo85c6p6nr6pibi",,,"timeline",,,,"82.11192700266838","96.02523300051689","8"
"console-replay:mgo8u3gpjj21cam5",,,"timeline",,,,"82.09817700088024","82.25069899857044","8"
"console-replay:mgo85dbwloukk6ga",,,"timeline",,,,"81.82260400056839","138.9783570021391","8"
"console-replay:mgo95ti9r6va0k4m",,,"timeline",,,,"81.73552100360394","91.09515699744225","8"
"console-replay:mgo8tzrucs8jya5o",,,"timeline",,,,"81.58510500192642","101.58507600426674","8"
"console-replay:mgo8ul62ymwquxc2",,,"timeline",,,,"81.52510400116444","86.99677300453186","8"
"console-replay:mgo962ykz4tmg6au",,,"timeline",,,,"81.51552000641823","101.83311000466347","8"
"console-replay:mgo95x8o037qa5af",,,"timeline",,,,"81.28781199455261","129.81843599677086","8"
"console-replay:mgo8tyh5uhx3swo7",,,"timeline",,,,"81.27057200670242","98.14148201048374","8"
"console-replay:mgo8fm0bpi30kboi",,,"timeline",,,,"80.84734301269054","155.6536020040512","8"
"console-replay:mgo857jsciqa9nys",,,"timeline",,,,"80.70119799673557","85.1232559978962","8"
"console-replay:mgo9669zfemd4zzt",,,"timeline",,,,"80.57244800031185","79.63331699371338","8"
"console-replay:mgo8u880laopefhw",,,"timeline",,,,"80.49005199968815","97.05042499303818","8"
"console-replay:mgo8u2q7f41dk39r",,,"timeline",,,,"80.22119800746441","85.26455301046371","8"
"console-replay:mgo85sxzcq0i218t",,,"timeline",,,,"80.1823960095644","83.08687101304531","8"
"console-replay:mgo8f2ieyrc5pvpf",,,"timeline",,,,"80.16744799911976","79.14655999839306","8"
"console-replay:mgo8dwl9lu8g4efr",,,"timeline",,,,"80.01583299040794","224.13496600091457","8"
"console-replay:mgo8tz15eninbwmh",,,"timeline",,,,"79.78791600465775","95.46590900421143","8"
"console-replay:mgo96lc1gd9c07al",,,"timeline",,,,"79.75994800031185","84.03673700988293","8"
"console-replay:mgo85g19o7z4flfo",,,"timeline",,,,"79.73229199647903","79.87497098743916","8"
"console-replay:mgo92j6jb98w6l9d",,,"timeline",,,,"79.70802100002766","84.02040301263332","8"
"console-replay:mgo95wgn9c4lh1d0",,,"timeline",,,,"79.681406006217","80.34109300374985","8"
"console-replay:mgo8ur8hr2o9tbco",,,"timeline",,,,"79.63458299636841","85.65054099261761","8"
"console-replay:mgo8u1ssytjw4rdc",,,"timeline",,,,"79.50687499344349","82.48038700222969","8"
"console-replay:mgo85gfun5s937y6",,,"timeline",,,,"79.3084380030632","123.27398099005222","8"
"console-replay:mgo95zfl6qk6chjj",,,"timeline",,,,"79.22916600108147","92.09864300489426","8"
"console-replay:mgo858ammjpxxe2n",,,"timeline",,,,"79.20854200422764","90.31820400059223","8"
"console-replay:mgo85a51vsmqxr1p",,,"timeline",,,,"79.1396359950304","82.85695299506187","8"
"console-replay:mgo8e46s0s1uiw8o",,,"timeline",,,,"79.1280210018158","81.05850400030613","8"
"console-replay:mgo95yig232f4zpd",,,"timeline",,,,"79.10359400510788","95.57666499912739","8"
"console-replay:mgo8ubd5ngqzf89n",,,"timeline",,,,"79.01755200326443","85.22802799940109","8"
"console-replay:mgo8fba1m8v9gmba",,,"timeline",,,,"78.85119800269604","102.74009700119495","8"
"console-replay:mgo8u1fv34idloxn",,,"timeline",,,,"78.52083399891853","97.21757499873638","8"
"console-replay:mgo859yekf9wtn7z",,,"timeline",,,,"78.33734300732613","79.7034109979868","8"
"console-replay:mgo963p5xzdoqvfq",,,"timeline",,,,"78.16145899891853","95.91982899606228","8"
"console-replay:mgo8597kqmkrs34d",,,"timeline",,,,"78.14348900318146","73.64065100252628","8"
"console-replay:mgo95ut6ayatv1kd",,,"timeline",,,,"78.12916700541973","101.9719790071249","8"
"console-replay:mgo856t27n9m1ytm",,,"timeline",,,,"78.09093800187111","80.29825699329376","8"
"console-replay:mgo85gs94d216teh",,,"timeline",,,,"78.01328100264072","92.6180429905653","8"
"console-replay:mgo8u6khme8k944r",,,"timeline",,,,"77.61302100121975","106.53683298826218","8"
"console-replay:mgo8e2ix9lkvhkse",,,"timeline",,,,"77.54817700386047","84.74048399925232","8"
"console-replay:mgo96l6rllpdc710",,,"timeline",,,,"77.46161399781704","83.2827780097723","8"
"console-replay:mgo8uj8xbc6mekmj",,,"timeline",,,,"77.36911499500275","77.33803500235081","8"
"console-replay:mgo8uljf4ec41ezn",,,"timeline",,,,"77.34098999202251","80.32041899859905","8"
"console-replay:mgo95zm8a2hdag88",,,"timeline",,,,"77.31515699625015","87.58265399932861","8"
"console-replay:mgo8dwt5wy0ad1at",,,"timeline",,,,"77.2689059972763","185.17694500088692","8"
"console-replay:mgo964mxtvv3sq36",,,"timeline",,,,"77.19468699395657","108.23977600038052","8"
"console-replay:mgo85bmbkln8z3zd",,,"timeline",,,,"77.15151000022888","76.40018099546432","8"
"console-replay:mgo8u8egl60sznq9",,,"timeline",,,,"77.10161499679089","84.5700089931488","8"
"console-replay:mgo85x1y9soz139f",,,"timeline",,,,"77.05817699432373","80.27387899160385","8"
"console-replay:mgo8u4ru8v4p4g1y",,,"timeline",,,,"77.02541700005531","98.63726100325584","8"
"console-replay:mgo8fxjkw3ivaypf",,,"timeline",,,,"77.0082810074091","148.2717110067606","8"
"console-replay:mgo95vjcze3p9ntr",,,"timeline",,,,"76.9959380030632","76.27947899699211","8"
"console-replay:mgo8dwpaapx1ax9x",,,"timeline",,,,"76.94937498867512","205.52132000029087","8"
"console-replay:mgo8u814uonmlsaa",,,"timeline",,,,"76.72010400891304","81.72896699607372","8"
"console-replay:mgo8u0oobve4z0dk",,,"timeline",,,,"76.69323000311852","75.32163800299168","8"
"console-replay:mgo95tvfji4dirdj",,,"timeline",,,,"76.65489600598812","79.29343800246716","8"
"console-replay:mgo85cwve9mhtgng",,,"timeline",,,,"76.6365630030632","71.37700399756432","8"
"console-replay:mgo965jlqik0go34",,,"timeline",,,,"76.52932199835777","86.8996189981699","8"
"console-replay:mgo8e78ugxvl58a0",,,"timeline",,,,"76.52322900295258","87.55519999563694","8"
"console-replay:mgo8ezxkgy5npdxj",,,"timeline",,,,"76.41572898626328","90.97593599557877","8"
"console-replay:mgo8f1scjoe3j7ud",,,"timeline",,,,"76.408229008317","97.32702900469303","8"
"console-replay:mgo8f9f7z8g8s06n",,,"timeline",,,,"76.36593699455261","93.69712899625301","8"
"console-replay:mgo8fb2zy8ysbv76",,,"timeline",,,,"76.3228649944067","81.85843099653721","8"
"console-replay:mgo8576snjotrl2c",,,"timeline",,,,"76.14901100099087","92.25044399499893","8"
"console-replay:mgo8u04no75qmyol",,,"timeline",,,,"76.03635400533676","72.37627300620079","8"
"console-replay:mgo8uj2fbg97ehsn",,,"timeline",,,,"76.00015600025654","82.41282600164413","8"
"console-replay:mgo85gyqgxiba7h8",,,"timeline",,,,"75.99562500417233","79.91799099743366","8"
"console-replay:mgo8u3nlycza1euo",,,"timeline",,,,"75.97515599429607","83.19022999703884","8"
"console-replay:mgo963i2j76c7sin",,,"timeline",,,,"75.95619800686836","77.10425600409508","8"
"console-replay:mgo8u11z65nf7dog",,,"timeline",,,,"75.81906199455261","72.79017899930477","8"
"console-replay:mgo85avs9enw3go1",,,"timeline",,,,"75.52130199968815","78.37236899137497","8"
"console-replay:mgo8u0buvo59a7y3",,,"timeline",,,,"75.5176559984684","94.48872099816799","8"
"console-replay:mgo95z8oxej5tuob",,,"timeline",,,,"75.509531006217","75.97588300704956","8"
"console-replay:mgo96nc4a44pqzb2",,,"timeline",,,,"75.39849001169205","81.51730901002884","8"
"console-replay:mgo85zjvogh7z731",,,"timeline",,,,"75.32921901345253","75.84434700012207","8"
"console-replay:mgo862tvb87wme37",,,"timeline",,,,"75.28645800054073","79.8305319994688","8"
"console-replay:mgo8u3agwhewimbx",,,"timeline",,,,"75.27968800067902","89.6525219976902","8"
"console-replay:mgo85aiw1hzardwk",,,"timeline",,,,"75.01927098631859","95.41877599060535","8"
"console-replay:mgo85z3beca201w2",,,"timeline",,,,"74.96067699790001","79.73090898990631","8"
"console-replay:mgo8uufxk24aki8q",,,"timeline",,,,"74.93937499821186","82.19339400529861","8"
"console-replay:mgo968p8qbyjjphj",,,"timeline",,,,"74.9111449867487","97.15805499255657","8"
"console-replay:mgo92otxkhclgygt",,,"timeline",,,,"74.84953199326992","79.45819200575352","8"
"console-replay:mgo8f9sdb9k8qsm0",,,"timeline",,,,"74.7260939925909","81.83483800292015","8"
"console-replay:mgo8ui8jzapo9teb",,,"timeline",,,,"74.67276100814342","94.78475400805473","8"
"console-replay:mgo86cfvwt7rozuk",,,"timeline",,,,"74.5746869891882","88.92826700210571","8"
"console-replay:mgo85btd4ewo7lyi",,,"timeline",,,,"74.50432300567627","90.41617099940777","8"
"console-replay:mgo8fippryr1v2x1",,,"timeline",,,,"74.49380199611187","81.44436399638653","8"
"console-replay:mgo857wzosudmzxb",,,"timeline",,,,"74.47369799017906","73.36752699315548","8"
"console-replay:mgo96s6bu72hw7wx",,,"timeline",,,,"74.45250000059605","76.41220200061798","8"
"console-replay:mgo8fmf0ropkwng6",,,"timeline",,,,"74.40520799160004","77.29219599068165","8"
"console-replay:mgo8fk0ezp5j3wja",,,"timeline",,,,"74.39921800792217","81.97608199715614","8"
"console-replay:mgo85hpnmwzdoqw5",,,"timeline",,,,"74.37223999202251","88.03293898701668","8"
"console-replay:mgo92knweslvxsol",,,"timeline",,,,"74.36500000953674","79.37722501158714","8"
"console-replay:mgo85exh6j2qcft7",,,"timeline",,,,"74.29937499761581","80.66221098601818","8"
"console-replay:mgo858o3cyt5bwtt",,,"timeline",,,,"74.29208301007748","92.33934900164604","8"
"console-replay:mgo92kiin3ccuxx5",,,"timeline",,,,"74.19213600456715","78.79404801130295","8"
"console-replay:mgo8f3g9ngcqao06",,,"timeline",,,,"74.1897400021553","94.17244499921799","8"
"console-replay:mgo8fjcvnmcb7z34",,,"timeline",,,,"74.11630199849606","75.92519699037075","8"
"console-replay:mgo8fmsgsi0dvbfr",,,"timeline",,,,"74.08130200207233","80.32573699951172","8"
"console-replay:mgo8fowzzf85un1l",,,"timeline",,,,"74.02854099869728","79.40896499156952","8"
"console-replay:mgo85gleven067ab",,,"timeline",,,,"74.00817699730396","77.36439798772335","8"
"console-replay:mgo85ypz8mej4bdx",,,"timeline",,,,"73.8948440104723","78.05221199989319","8"
"console-replay:mgo95um72cs906qb",,,"timeline",,,,"73.77677100896835","82.00760400295258","8"
"console-replay:mgo8uno0w3293a71",,,"timeline",,,,"73.61750000715256","73.34458500146866","8"
"console-replay:mgo8fbg97qog3i09",,,"timeline",,,,"73.6144789904356","77.14379499852657","8"
"console-replay:mgo92lbtdx971x6o",,,"timeline",,,,"73.52520799636841","75.95368300378323","8"
"console-replay:mgo85fo7o0q4z7zz",,,"timeline",,,,"73.43213599920273","82.0086689889431","8"
"console-replay:mgo856znxusg88rc",,,"timeline",,,,"73.36947900056839","72.95294399559498","8"
"console-replay:mgo8umkpyzd3z9eg",,,"timeline",,,,"73.35984399914742","98.18317900598049","8"
"console-replay:mgo85cjxetqgd5xw",,,"timeline",,,,"73.27624998986721","81.43898299336433","8"
"console-replay:mgo8u9c5znww6fwk",,,"timeline",,,,"73.2011449933052","94.11323699355125","8"
"console-replay:mgo95t4ouemmnrm9",,,"timeline",,,,"73.18255199491978","75.23260499536991","8"
"console-replay:mgo8629yhdm1ui48",,,"timeline",,,,"73.15463499724865","80.16006399691105","8"
"console-replay:mgo8fcxyi5sz5lav",,,"timeline",,,,"73.12999999523163","91.82764799892902","8"
"console-replay:mgo85raal5rneqvp",,,"timeline",,,,"73.06729100644588","86.80244401097298","8"
"console-replay:mgo95yvxrrk6uios",,,"timeline",,,,"73.04234400391579","95.26958100497723","8"
"console-replay:mgo8e3ft61mr2y62",,,"timeline",,,,"73.04109399020672","142.71246299147606","8"
"console-replay:mgo8f46ocbuzcidm",,,"timeline",,,,"72.92484399676323","81.98905900120735","8"
"console-replay:mgo8f9zdiodenwai",,,"timeline",,,,"72.7373960018158","91.71806700527668","8"
"console-replay:mgo92fnh4scmhwgi",,,"timeline",,,,"72.72296899557114","76.82064399123192","8"
"console-replay:mgo8unurkipxuuab",,,"timeline",,,,"72.69416600465775","77.92333400249481","8"
"console-replay:mgo92po4pwlaj5bw",,,"timeline",,,,"72.68057298660278","84.65886799991131","8"
"console-replay:mgo8f0uvttzzbyvt",,,"timeline",,,,"72.62994799017906","89.28499799966812","8"
"console-replay:mgo95xri3nhis2gi",,,"timeline",,,,"72.62953199446201","79.16270700097084","8"
"console-replay:mgo8utc1u0r57lhg",,,"timeline",,,,"72.51697899401188","78.48418599367142","8"
"console-replay:mgo8uif1aw6u1eo0",,,"timeline",,,,"72.46958300471306","78.42376400530338","8"
"console-replay:mgo8ugxqhjhxl2s2",,,"timeline",,,,"72.42822898924351","77.57282699644566","8"
"console-replay:mgo8fx6ndx2wdf2h",,,"timeline",,,,"72.14026100933552","79.78817000985146","8"
"console-replay:mgo85u5d8c682mz9",,,"timeline",,,,"72.13447900116444","78.84296400845051","8"
"console-replay:mgo8e4kxxv51u6im",,,"timeline",,,,"72.07583299279213","182.1906909942627","8"
"console-replay:mgo8fefc5kwrhefg",,,"timeline",,,,"72.07182298600674","93.26780399680138","8"
"console-replay:mgo8fs7omz19pxat",,,"timeline",,,,"71.98406200110912","109.65307798981667","8"
"console-replay:mgo8f39fdqqq5u4p",,,"timeline",,,,"71.9164059907198","81.37869499623775","8"
"console-replay:mgo92gzhk91s1atl",,,"timeline",,,,"71.84442700445652","76.29277899861336","8"
"console-replay:mgo8u33j6f6wpd8v",,,"timeline",,,,"71.83083298802376","77.3138239979744","8"
"console-replay:mgo96qw56rguy3e5",,,"timeline",,,,"71.66770799458027","169.43819199502468","8"
"console-replay:mgo8fcdlipeox5f0",,,"timeline",,,,"71.478281006217","74.4093150049448","8"
"console-replay:mgo8u6qrw4j985hv",,,"timeline",,,,"71.46593700349331","87.54552999138832","8"
"console-replay:mgo85dh63qb5f5tf",,,"timeline",,,,"71.44536501169205","75.93544100224972","8"
"console-replay:mgo8ua94ozsfb3jj",,,"timeline",,,,"71.39619798958302","77.86698698997498","8"
"console-replay:mgo95xm5txbt61ja",,,"timeline",,,,"71.28088600933552","126.00588400661945","8"
"console-replay:mgo8e8ba3f9i5ww6",,,"timeline",,,,"71.14598999917507","185.72030399739742","8"
"console-replay:mgo8fyajhleyh8ea",,,"timeline",,,,"71.10057298839092","77.95108599960804","8"
"console-replay:mgo8ezqv3rbii1zc",,,"timeline",,,,"71.05229100584984","84.98593600094318","8"
"console-replay:mgo95wah76fu8mhk",,,"timeline",,,,"71.03937400877476","93.42963400483131","8"
"console-replay:mgo8tyn9l54vnkcy",,,"timeline",,,,"70.94776000082493","65.48596100509167","8"
"console-replay:mgo8umgmsol0g1ip",,,"timeline",,,,"70.93640699982643","67.56432500481606","8"
"console-replay:mgo95y4mp9wb7g0w",,,"timeline",,,,"70.86380200088024","70.47520600259304","8"
"console-replay:mgo92qb7810fktb1",,,"timeline",,,,"70.86270800232887","71.04527400434017","8"
"console-replay:mgo8f8bd663q1z8u",,,"timeline",,,,"70.82817800343037","90.28749500215054","8"
"console-replay:mgo8fmlporxljngl",,,"timeline",,,,"70.6842180043459","76.85443499684334","8"
"console-replay:mgo9620rdvilxcwa",,,"timeline",,,,"70.6499999910593","70.73993399739265","8"
"console-replay:mgo96qify5zksepl",,,"timeline",,,,"70.62307299673557","75.18017199635506","8"
"console-replay:mgo8u2dklajcdbx0",,,"timeline",,,,"70.62161499261856","100.7379390001297","8"
"console-replay:mgo8ulcrclig6p67",,,"timeline",,,,"70.27546900510788","72.47406500577927","8"
"console-replay:mgo8u7aog1c11rd7",,,"timeline",,,,"70.18197900056839","82.81605099141598","8"
"console-replay:mgo92oj5cmjt3a0k",,,"timeline",,,,"70.09104199707508","162.8120460063219","8"
"console-replay:mgo92puk3w0s1q9t",,,"timeline",,,,"70.0574479997158","72.30267000198364","8"
"console-replay:mgo9627qdz379de1",,,"timeline",,,,"69.893645003438","83.90597499907017","8"
"console-replay:mgo8us1g9duk3t11",,,"timeline",,,,"69.84401099383831","158.926269993186","8"
"console-replay:mgo8u7ns118u4ukr",,,"timeline",,,,"69.78442800045013","74.89089499413967","8"
"console-replay:mgo95xygs348h0c2",,,"timeline",,,,"69.71937499940395","86.36025899648666","8"
"console-replay:mgo8uuzzldext6c7",,,"timeline",,,,"69.67109298706055","79.54969500005245","8"
"console-replay:mgo8fp3qywp5wtyo",,,"timeline",,,,"69.65447899699211","76.36578799784184","8"
"console-replay:mgo92jbyqlq7u0xk",,,"timeline",,,,"69.6116140037775","81.35837100446224","8"
"console-replay:mgo8ujfsd1m11gp0",,,"timeline",,,,"69.53343699872494","78.62730500102043","8"
"console-replay:mgo92phcpy1ldary",,,"timeline",,,,"69.52124999463558","83.1369410008192","8"
"console-replay:mgo8fi29j7uvhvqb",,,"timeline",,,,"69.50802101194859","71.91775000095367","8"
"console-replay:mgo95sr6hpgsjmbx",,,"timeline",,,,"69.50489600002766","63.11802199482918","8"
"console-replay:mgo92rin9xqhz8wk",,,"timeline",,,,"69.4685409963131","73.06954400241375","8"
"console-replay:mgo96aws4r5bp8eg",,,"timeline",,,,"69.44489499926567","76.37955398857594","8"
"console-replay:mgo961nk6wsn1mlj",,,"timeline",,,,"69.43177001178265","75.28956900537014","8"
"console-replay:mgo8udenjd5z0g5w",,,"timeline",,,,"69.42906199395657","82.44432899355888","8"
"console-replay:mgo85ls7ddfwkse6",,,"timeline",,,,"69.30078099668026","79.76121799647808","8"
"console-replay:mgo8tzeb8yrl5tsx",,,"timeline",,,,"69.1789589971304","77.50825300812721","8"
"console-replay:mgo967ksv5o3e26d",,,"timeline",,,,"69.1320839971304","73.41914999485016","8"
"console-replay:mgo8u4eedrgga5r5",,,"timeline",,,,"69.1312500089407","84.98121900856495","8"
"console-replay:mgo92f9hf1lgcrbz",,,"timeline",,,,"69.0915099978447","144.82684199512005","8"
"console-replay:mgo8u54x9vyhwocd",,,"timeline",,,,"69.0426039993763","75.90684400498867","8"
"console-replay:mgo8fe1fmac0k13u",,,"timeline",,,,"69.01838500797749","65.95207500457764","8"
"console-replay:mgo8foqpurlges07",,,"timeline",,,,"69.01546899974346","84.33412200212479","8"
"console-replay:mgo85kb5ex6du0zy",,,"timeline",,,,"68.99401099979877","88.18429198861122","8"
"console-replay:mgo85jdranmj96a9",,,"timeline",,,,"68.98036500811577","86.68595899641514","8"
"console-replay:mgo85xw36ytks80s",,,"timeline",,,,"68.96755200624466","80.01648299396038","8"
"console-replay:mgo8f84cpovjvz0d",,,"timeline",,,,"68.95286500453949","78.22515100240707","8"
"console-replay:mgo85zde1ri6oivg",,,"timeline",,,,"68.79348999261856","75.10955499112606","8"
"console-replay:mgo85b8uyhsntily",,,"timeline",,,,"68.79223899543285","62.208774998784065","8"
"console-replay:mgo85ts3up6mvsky",,,"timeline",,,,"68.69229200482368","74.10181801021099","8"
"console-replay:mgo8f54bgcb4bftw",,,"timeline",,,,"68.68135400116444","87.48921500146389","8"
"console-replay:mgo85i2m2qz5p60k",,,"timeline",,,,"68.62791599333286","67.89845898747444","8"
"console-replay:mgo8ukpcxqnxtt0z",,,"timeline",,,,"68.60479199886322","76.55000300705433","8"
"console-replay:mgo85sas6xoypci6",,,"timeline",,,,"68.56005200743675","75.32234001159668","8"
"console-replay:mgo8f6el1kecfwdv",,,"timeline",,,,"68.53135399520397","76.18520399928093","8"
"console-replay:mgo8fs4fteoplvie",,,"timeline",,,,"68.39609399437904","69.48443299531937","8"
"console-replay:mgo96ko2np5zgsu0",,,"timeline",,,,"68.37729200720787","70.93856000900269","8"
"console-replay:mgo95w3ikt2b0a79",,,"timeline",,,,"68.28609399497509","76.3498429954052","8"
"console-replay:mgo965605zo576tu",,,"timeline",,,,"68.25026100873947","66.67097400128841","8"
"console-replay:mgo8u4y0t8arpvgh",,,"timeline",,,,"68.23161400854588","66.48517701029778","8"
"console-replay:mgo8f2w2z44r7wy2",,,"timeline",,,,"68.07619799673557","76.96426799893379","8"
"console-replay:mgo85llsbvitlzic",,,"timeline",,,,"68.05838599801064","87.30725999176502","8"
"console-replay:mgo8ftmazf0gl720",,,"timeline",,,,"67.965729996562","167.8729739934206","8"
"console-replay:mgo8uo1gb9myxuf7",,,"timeline",,,,"67.8855729997158","71.81734500825405","8"
"console-replay:mgo8fhvjpzeljzks",,,"timeline",,,,"67.87692700326443","67.45514599978924","8"
"console-replay:mgo92p45tig2qnbm",,,"timeline",,,,"67.84546901285648","77.24282701313496","8"
"console-replay:mgo92jqn98gthcr9",,,"timeline",,,,"67.83796799182892","122.49342299997807","8"
"console-replay:mgo8fhp0rq7tneye",,,"timeline",,,,"67.82906199991703","73.29780200123787","8"
"console-replay:mgo85famct7zhtc5",,,"timeline",,,,"67.80526100099087","67.49471099674702","8"
"console-replay:mgo85s47j28m1a5f",,,"timeline",,,,"67.79400999844074","80.25447501242161","8"
"console-replay:mgo8uh7l5jpuxw9z",,,"timeline",,,,"67.78109399974346","67.31324400007725","8"
"console-replay:mgo8fz4u9qcwmru9",,,"timeline",,,,"67.77104200422764","201.1318670064211","8"
"console-replay:mgo962l0kgsf2ee9",,,"timeline",,,,"67.74937500059605","77.26884000003338","8"
"console-replay:mgo8fypjwbebckdv",,,"timeline",,,,"67.69645899534225","210.15046100318432","8"
"console-replay:mgo92qhy0cj02qea",,,"timeline",,,,"67.69468699395657","72.1109510064125","8"
"console-replay:mgo85t4sd30ggwio",,,"timeline",,,,"67.6842190027237","77.22567300498486","8"
"console-replay:mgo8uilsqngjfff8",,,"timeline",,,,"67.65781199932098","80.26886799931526","8"
"console-replay:mgo85wvfbm7m0jcy",,,"timeline",,,,"67.59635399281979","75.63512898981571","8"
"console-replay:mgo8facuwcaut678",,,"timeline",,,,"67.55348999798298","93.82009799778461","8"
"console-replay:mgo92gbfocrzzq81",,,"timeline",,,,"67.4924999922514","71.14824798703194","8"
"console-replay:mgo858gwv3m0eky6",,,"timeline",,,,"67.4752600044012","62.511171996593475","8"
"console-replay:mgo8u9owti1owj8u",,,"timeline",,,,"67.43666599690914","64.33636198937893","8"
"console-replay:mgo92rbw370cgir6",,,"timeline",,,,"67.35911500453949","71.83605501055717","8"
"console-replay:mgo96lutcwouhps1",,,"timeline",,,,"67.28677099943161","73.33824700117111","8"
"console-replay:mgo964zxen7d0bj2",,,"timeline",,,,"67.2104170024395","86.53133900463581","8"
"console-replay:mgo8f3vy7eg1g16h",,,"timeline",,,,"67.20036400854588","168.61661100387573","8"
"console-replay:mgo96deri7vo4spa",,,"timeline",,,,"67.1132289916277","72.60934498906136","8"
"console-replay:mgo8f5iby4gbtelz",,,"timeline",,,,"67.04770800471306","108.63510000705719","8"
"console-replay:mgo8e8erp16zwi1p",,,"timeline",,,,"66.97979100048542","146.76681399345398","8"
"console-replay:mgo85ywojjzz55nk",,,"timeline",,,,"66.97161500155926","71.51476399600506","8"
"console-replay:mgo92o6q0kq1xzfb",,,"timeline",,,,"66.83083400130272","73.81053601205349","8"
"console-replay:mgo96m4u5a65jtac",,,"timeline",,,,"66.8042189925909","146.32829900085926","8"
"console-replay:mgo85wep4ff0y41a",,,"timeline",,,,"66.70807299017906","72.6734629869461","8"
"console-replay:mgo8uheghbrc6hvb",,,"timeline",,,,"66.669895991683","78.8002749979496","8"
"console-replay:mgo96d81diw5g4bw",,,"timeline",,,,"66.6219789981842","70.21642799675465","8"
"console-replay:mgo8fdoo4q8ld59a",,,"timeline",,,,"66.57635399699211","89.04577299952507","8"
"console-replay:mgo96e23ywyahu8u",,,"timeline",,,,"66.57067701220512","76.08278200030327","8"
"console-replay:mgo85x8mnd05d5pa",,,"timeline",,,,"66.557447001338","69.51544100046158","8"
"console-replay:mgo968bb34jul21u",,,"timeline",,,,"66.54473999142647","62.489357993006706","8"
"console-replay:mgo8fo9quhaq9hsw",,,"timeline",,,,"66.49843700230122","71.0709969997406","8"
"console-replay:mgo85tbfubp97pz7",,,"timeline",,,,"66.49380201101303","72.38088101148605","8"
"console-replay:mgo8us9a3mbsh2sl",,,"timeline",,,,"66.4833849966526","118.35897798836231","8"
"console-replay:mgo8e751rjzovagm",,,"timeline",,,,"66.43432299792767","99.89769999682903","8"
"console-replay:mgo8ugk96pozch4r",,,"timeline",,,,"66.3991670012474","66.94538000226021","8"
"console-replay:mgo85tynl6ri0p05",,,"timeline",,,,"66.34968799352646","70.62541200220585","8"
"console-replay:mgo96d1cjex9yu4h",,,"timeline",,,,"66.3301569968462","68.77845999598503","8"
"console-replay:mgo86e3nf1h5c4w8",,,"timeline",,,,"66.27859300374985","72.24633900821209","8"
"console-replay:mgo8un0txpbyo3cu",,,"timeline",,,,"66.24921900033951","70.69567900896072","8"
"console-replay:mgo8uamrdxtoypwp",,,"timeline",,,,"66.24312500655651","87.87542399764061","8"
"console-replay:mgo8tyab3ndh2qkk",,,"timeline",,,,"66.1980729997158","74.85757599771023","8"
"console-replay:mgo92onf8nnb99od",,,"timeline",,,,"66.13869799673557","73.94485799968243","8"
"console-replay:mgo8fnfmbjmgwb9k",,,"timeline",,,,"66.10822999477386","73.2242269963026","8"
"console-replay:mgo965x4p2decfmq",,,"timeline",,,,"66.0846350044012","81.155920997262","8"
"console-replay:mgo8ugr7yd2r87ev",,,"timeline",,,,"66.07734400033951","76.43168200552464","8"
"console-replay:mgo8u8ld6um0ekuk",,,"timeline",,,,"66.0752600133419","80.3552689999342","8"
"console-replay:mgo967yhu3xbdy3c",,,"timeline",,,,"66.05630201101303","86.80498300492764","8"
"console-replay:mgo92hnb3rh1077v",,,"timeline",,,,"66.0310419946909","66.99293498694897","8"
"console-replay:mgo85rgo9wgfx7fc",,,"timeline",,,,"66.00739599764347","71.10010100901127","8"
"console-replay:mgo92inzd1uvfpgx",,,"timeline",,,,"65.99911500513554","72.92160101234913","8"
"console-replay:mgo8e7g8su1n9xjx",,,"timeline",,,,"65.99703098833561","102.86827298998833","8"
"console-replay:mgo85xpbn9tnnxen",,,"timeline",,,,"65.81041599810123","69.39241999387741","8"
"console-replay:mgo8uo4nenludruw",,,"timeline",,,,"65.57567700743675","63.2595320045948","8"
"console-replay:mgo8ezjwykkiiw80",,,"timeline",,,,"65.56911499798298","70.99635300040245","8"
"console-replay:mgo86bvo38faeah4",,,"timeline",,,,"65.56593799591064","72.88332000374794","8"
"console-replay:mgo85r2gv18pndch",,,"timeline",,,,"65.52432300150394","155.62228800356388","8"
"console-replay:mgo85shacg7p5pf8",,,"timeline",,,,"65.5042700022459","66.02411000430584","8"
"console-replay:mgo8f25gmu54pt2w",,,"timeline",,,,"65.49427101016045","76.11635200679302","8"
"console-replay:mgo8e3pl8i25doto",,,"timeline",,,,"65.43718700110912","87.2533999979496","8"
"console-replay:mgo96n1x4dy2rqbf",,,"timeline",,,,"65.35828199982643","89.36908000707626","8"
"console-replay:mgo92jnfaqzbt3tg",,,"timeline",,,,"65.2697389870882","196.31602700054646","8"
"console-replay:mgo86czrodpge2vw",,,"timeline",,,,"65.22942699491978","74.37035000324249","8"
"console-replay:mgo8ubqawjf1cizv",,,"timeline",,,,"65.21182300150394","65.32214298844337","8"
"console-replay:mgo8fjtolqphv5lu",,,"timeline",,,,"65.1894800066948","70.17295800149441","8"
"console-replay:mgo8ua2gkv5p4wb2",,,"timeline",,,,"65.17666700482368","73.28261199593544","8"
"console-replay:mgo8e6942nqczvn7",,,"timeline",,,,"65.16406299173832","70.70384699106216","8"
"console-replay:mgo8e3vu9o990ye2",,,"timeline",,,,"65.16307300329208","152.03756700456142","8"
"console-replay:mgo86390uwdg6xne",,,"timeline",,,,"65.15854100883007","213.68631300330162","8"
"console-replay:mgo8fnuk5s2e3nm7",,,"timeline",,,,"65.15390600264072","122.82568499445915","8"
"console-replay:mgo8ucas1f6390io",,,"timeline",,,,"65.09729199111462","83.66745498776436","8"
"console-replay:mgo96br0lexf8zqk",,,"timeline",,,,"65.05536499619484","80.33939799666405","8"
"console-replay:mgo85jr6bv1hwsxe",,,"timeline",,,,"65.04598899185658","84.95403099060059","8"
"console-replay:mgo92jzqt24hby7g",,,"timeline",,,,"65.03093799948692","63.45951700210571","8"
"console-replay:mgo8uvvod686upuf",,,"timeline",,,,"65.03020898997784","94.34266400337219","8"
"console-replay:mgo96bxl9ovk69q1",,,"timeline",,,,"64.94911400973797","76.97924099862576","8"
"console-replay:mgo8fucd7dfccjxm",,,"timeline",,,,"64.92400999367237","66.24161899089813","8"
"console-replay:mgo8uhl3v3oftskb",,,"timeline",,,,"64.74963600933552","71.03064000606537","8"
"console-replay:mgo8f4qee3ph4xr8",,,"timeline",,,,"64.70645900070667","62.39020499587059","8"
"console-replay:mgo8fh8ci7kelf6k",,,"timeline",,,,"64.69057300686836","69.7062399983406","8"
"console-replay:mgo8fdb5iu5gej93",,,"timeline",,,,"64.68875001370907","75.49191901087761","8"
"console-replay:mgo8uwqxg4z3a5c3",,,"timeline",,,,"64.68614600598812","99.60865300893784","8"
"console-replay:mgo86d8pn0uwladd",,,"timeline",,,,"64.55723901093006","155.7452980130911","8"
"console-replay:mgo8fhg7jlmuz0tx",,,"timeline",,,,"64.53911499679089","111.90978199243546","8"
"console-replay:mgo8fogikixzjjz9",,,"timeline",,,,"64.53125","74.8207889944315","8"
"console-replay:mgo8ftsma3ctsrpe",,,"timeline",,,,"64.48093700408936","71.84109799563885","8"
"console-replay:mgo85jx6ill017ea",,,"timeline",,,,"64.47682300209999","60.98074999451637","8"
"console-replay:mgo96di1m16pzc53",,,"timeline",,,,"64.43635401129723","67.05121999979019","8"
"console-replay:mgo8ug3rbymcydgh",,,"timeline",,,,"64.39546899497509","71.82537999749184","8"
"console-replay:mgo8e71s21xe36gd",,,"timeline",,,,"64.37776000797749","141.57327300310135","8"
"console-replay:mgo96rv8owk7ro0r",,,"timeline",,,,"64.36177100241184","145.1291290074587","8"
"console-replay:mgo96kynqkbjqtn1",,,"timeline",,,,"64.26994799077511","159.91684100031853","8"
"console-replay:mgo86e6xx0jfwpwf",,,"timeline",,,,"64.17307299375534","107.04399600625038","8"
"console-replay:mgo96crk45kpnv1y",,,"timeline",,,,"64.10453100502491","74.30700099468231","8"
"console-replay:mgo86djhfk4d1b7q",,,"timeline",,,,"64.06307299435139","65.44962100684643","8"
"console-replay:mgo96ckl3qs757ma",,,"timeline",,,,"64.05625000596046","67.19455400109291","8"
"console-replay:mgo8fshjxeoj04k3",,,"timeline",,,,"64.02843800187111","137.01141199469566","8"
"console-replay:mgo8fj4fqd57l2l8",,,"timeline",,,,"63.9178130030632","119.31905199587345","8"
"console-replay:mgo8ficefewdwn1g",,,"timeline",,,,"63.90317699313164","70.49045799672604","8"
"console-replay:mgo85xfgujlxxnui",,,"timeline",,,,"63.86718699336052","71.50710798799992","8"
"console-replay:mgo85qtgle3pwcxq",,,"timeline",,,,"63.82677100598812","70.23770500719547","8"
"console-replay:mgo8f9lg4v3hunjc",,,"timeline",,,,"63.794635996222496","60.98556700348854","8"
"console-replay:mgo8ud87mrfbwnu0",,,"timeline",,,,"63.73369799554348","84.43328799307346","8"
"console-replay:mgo8uvsmsw1awigr",,,"timeline",,,,"63.69609400629997","143.05339300632477","8"
"console-replay:mgo85zqtwcrxpbph",,,"timeline",,,,"63.68739598989487","76.61002399027348","8"
"console-replay:mgo96b02x7haq9g9",,,"timeline",,,,"63.6030730009079","67.17304399609566","8"
"console-replay:mgo8uwcjkoqh8fbx",,,"timeline",,,,"63.46333299577236","140.31933000683784","8"
"console-replay:mgo8e30jda2i8sc4",,,"timeline",,,,"63.41828200221062","143.4567340016365","8"
"console-replay:mgo8ujmhcrg6xg61",,,"timeline",,,,"63.39828100800514","71.56532600522041","8"
"console-replay:mgo8ut5bpws2v3xl",,,"timeline",,,,"63.29281198978424","146.94564399123192","8"
"console-replay:mgo8fkr22fceagpe",,,"timeline",,,,"63.232813000679016","69.28634299337864","8"
"console-replay:mgo92fcnve18e3z4",,,"timeline",,,,"63.13609300553799","61.1107479929924","8"
"console-replay:mgo85l1ahnjsxs1y",,,"timeline",,,,"63.09401001036167","63.31600999832153","8"
"console-replay:mgo96q7l4sebylng",,,"timeline",,,,"63.091250002384186","156.37037999927998","8"
"console-replay:mgo92fqs2x040w7o",,,"timeline",,,,"63.07776001095772","90.1452270001173","8"
"console-replay:mgo85ycvpygagmm4",,,"timeline",,,,"63.06374999880791","75.44294099509716","8"
"console-replay:mgo8fsuby18nscdr",,,"timeline",,,,"63.04036499559879","115.2303179949522","8"
"console-replay:mgo8uryf303cy7qv",,,"timeline",,,,"62.970573008060455","122.61590500175953","8"
"console-replay:mgo8fnq41rnxqtot",,,"timeline",,,,"62.938645005226135","81.06547600030899","8"
"console-replay:mgo85ti4t94jbgbq",,,"timeline",,,,"62.91026100516319","68.7146830111742","8"
"console-replay:mgo85lez4z7ttmho",,,"timeline",,,,"62.86963500082493","77.6024159938097","8"
"console-replay:mgo8fmvvu7v9j13k",,,"timeline",,,,"62.84703101217747","71.4563100039959","8"
"console-replay:mgo8f0hfeus9bekt",,,"timeline",,,,"62.82557299733162","72.2429150044918","8"
"console-replay:mgo8ugegpkw2rbfl",,,"timeline",,,,"62.81765599548817","93.4897550046444","8"
"console-replay:mgo8felltjdlu7b6",,,"timeline",,,,"62.789792001247406","64.7903560101986","8"
"console-replay:mgo8f17spj3xkxu5",,,"timeline",,,,"62.77645900845528","61.357967004179955","8"
"console-replay:mgo8uvjt8orpqdvj",,,"timeline",,,,"62.77213500440121","65.38104900717735","8"
"console-replay:mgo8fzb5ny3w8szx",,,"timeline",,,,"62.65130199491978","103.27118900418282","8"
"console-replay:mgo8ut2a3wqifpwd",,,"timeline",,,,"62.61208300292492","117.46668599545956","8"
"console-replay:mgo8fi8pwy9p6p0i",,,"timeline",,,,"62.60130199790001","55.49170799553394","8"
"console-replay:mgo8ubx12v95d6t6",,,"timeline",,,,"62.564582988619804","67.6477149873972","8"
"console-replay:mgo8fsxch9zmes2e",,,"timeline",,,,"62.548436999320984","144.69635899364948","8"
"console-replay:mgo8fu1r02g0jhln",,,"timeline",,,,"62.542499989271164","159.64943198859692","8"
"console-replay:mgo8f91ox861pyeb",,,"timeline",,,,"62.522291988134384","72.25744199752808","8"
"console-replay:mgo85rnd41ughadw",,,"timeline",,,,"62.5168230086565","68.66421501338482","8"
"console-replay:mgo8ui2ft7svyk31",,,"timeline",,,,"62.515573009848595","92.07329601049423","8"
"console-replay:mgo92q1mqkjl75q5",,,"timeline",,,,"62.4791149944067","77.17360800504684","8"
"console-replay:mgo8fkdryyy8yr6w",,,"timeline",,,,"62.461926996707916","73.47951999306679","8"
"console-replay:mgo8ftyoptb2emgw",,,"timeline",,,,"62.446979001164436","128.00193199515343","8"
"console-replay:mgo8fn9aso1eroh6",,,"timeline",,,,"62.44692699611187","75.06151799857616","8"
"console-replay:mgo8f7r1kiqwl2zd",,,"timeline",,,,"62.33927099406719","70.75390100479126","8"
"console-replay:mgo8641akgkyfac6",,,"timeline",,,,"62.2802599966526","108.72563599050045","8"
"console-replay:mgo92p0tbo9up07j",,,"timeline",,,,"62.25526098906994","75.21652500331402","8"
"console-replay:mgo8fiwe9ssc14ee",,,"timeline",,,,"62.22223898768425","73.50946798920631","8"
"console-replay:mgo92j1645u6zhdc",,,"timeline",,,,"62.18625000119209","63.829778000712395","8"
"console-replay:mgo8uujfjeh3cmsx",,,"timeline",,,,"62.12942700088024","114.5230810046196","8"
"console-replay:mgo8utgh3b8qbtf9",,,"timeline",,,,"62.101613998413086","68.12882100045681","8"
"console-replay:mgo8uw9kv8a7ftql",,,"timeline",,,,"62.10062499344349","111.23500700294971","8"
"console-replay:mgo8fjqfoutce0cn",,,"timeline",,,,"62.06770800054073","71.31467600166798","8"
"console-replay:mgo85r5r8geinsuy",,,"timeline",,,,"62.05828100442886","150.99859000742435","8"
"console-replay:mgo96c0wa80mxnw0",,,"timeline",,,,"62.04312500357628","71.67226199805737","8"
"console-replay:mgo8fkk7e63brd0o",,,"timeline",,,,"62.04213498532772","64.952800989151","8"
"console-replay:mgo86csjxx2cjche",,,"timeline",,,,"62.00187499821186","130.91279800236225","8"
"console-replay:mgo96bjzel7mk630",,,"timeline",,,,"61.97062499821186","63.48158499598503","8"
"console-replay:mgo86deuiragg6b6",,,"timeline",,,,"61.96911500394344","54.59201700985432","8"
"console-replay:mgo9677t3k4867j1",,,"timeline",,,,"61.954271003603935","82.44404600560665","8"
"console-replay:mgo8fesez09dydq6",,,"timeline",,,,"61.92723900079727","69.53504300117493","8"
"console-replay:mgo8u9w101t3ctng",,,"timeline",,,,"61.81651100516319","79.10365399718285","8"
"console-replay:mgo85rupvj37j0y1",,,"timeline",,,,"61.761509999632835","89.13489200174809","8"
"console-replay:mgo8un7luo88f516",,,"timeline",,,,"61.65895798802376","71.19599099457264","8"
"console-replay:mgo85ig7fay1wps3",,,"timeline",,,,"61.55307298898697","69.62397998571396","8"
"console-replay:mgo8e7zywyeye510",,,"timeline",,,,"61.540885999798775","88.6443149894476","8"
"console-replay:mgo862de6525heo4",,,"timeline",,,,"61.52052100002766","112.68949100375175","8"
"console-replay:mgo8f8oczk4njaue",,,"timeline",,,,"61.45666600763798","66.96239000558853","8"
"console-replay:mgo96rs5rqhp7q5j",,,"timeline",,,,"61.43156300485134","110.88616099953651","8"
"console-replay:mgo86d5sct2mm8rn",,,"timeline",,,,"61.42177100479603","127.38634000718594","8"
"console-replay:mgo85y5q3px8e1it",,,"timeline",,,,"61.41276000440121","55.618252992630005","8"
"console-replay:mgo8usl418koasir",,,"timeline",,,,"61.40812499821186","138.966633990407","8"
"console-replay:mgo8fz86y8hob26h",,,"timeline",,,,"61.3885940015316","155.3115020096302","8"
"console-replay:mgo8f5uzscuu3ojt",,,"timeline",,,,"61.25484399497509","78.76749600470066","8"
"console-replay:mgo8urnzd6fd97bg",,,"timeline",,,,"61.24687500298023","64.98496799170971","8"
"console-replay:mgo8uh4j4hnucoje",,,"timeline",,,,"61.18817698955536","71.47959800064564","8"
"console-replay:mgo8f7xr9c3sq0b7",,,"timeline",,,,"61.08073000609875","68.58676600456238","8"
"console-replay:mgo86cvj91dltvze",,,"timeline",,,,"61.07286401093006","78.47019401192665","8"
"console-replay:mgo8e3jalzjdlf04",,,"timeline",,,,"61.06421899795532","96.39397299289703","8"
"console-replay:mgo863y7swi8s4na",,,"timeline",,,,"61.05666700005531","77.19818799197674","8"
"console-replay:mgo8e6onoaxgbtki",,,"timeline",,,,"61.04947900772095","65.08066900074482","8"
"console-replay:mgo85in2ezyy9s99",,,"timeline",,,,"61.04604099690914","79.42184399068356","8"
"console-replay:mgo8f6li5g3yh10s",,,"timeline",,,,"60.970572993159294","77.22291199862957","8"
"console-replay:mgo8fhjfwvhusdzy",,,"timeline",,,,"60.94854199886322","104.4132189899683","8"
"console-replay:mgo92pacghuuidiw",,,"timeline",,,,"60.91822899878025","53.124181002378464","8"
"console-replay:mgo8unasfca64tdh",,,"timeline",,,,"60.87484300136566","63.7250010073185","8"
"console-replay:mgo9670wddil71ga",,,"timeline",,,,"60.854583993554115","67.3620669990778","8"
"console-replay:mgo92jug4oud3uzt",,,"timeline",,,,"60.828853994607925","60.594986006617546","8"
"console-replay:mgo8e7t2hhyznbxe",,,"timeline",,,,"60.712760999798775","79.30244000256062","8"
"console-replay:mgo8ub0muazelzzz",,,"timeline",,,,"60.68937499821186","96.89547599852085","8"
"console-replay:mgo85i9k6see1buq",,,"timeline",,,,"60.63317699730396","72.48819899559021","8"
"console-replay:mgo8fapwjt8nb94z",,,"timeline",,,,"60.59375","74.2865560054779","8"
"console-replay:mgo96rmc8lqe9s5s",,,"timeline",,,,"60.59208299219608","61.15142099559307","8"
"console-replay:mgo965cz8hi6fdvi",,,"timeline",,,,"60.587604001164436","71.12128600478172","8"
"console-replay:mgo8ftpm2f1rrh8v",,,"timeline",,,,"60.55239599943161","120.47615098953247","8"
"console-replay:mgo92g67m04tb2c6",,,"timeline",,,,"60.548438012599945","66.54626899957657","8"
"console-replay:mgo8uswh5od05ex0",,,"timeline",,,,"60.543437004089355","66.53168599307537","8"
"console-replay:mgo92g1bvi1rcs1e",,,"timeline",,,,"60.53609299659729","82.33527898788452","8"
"console-replay:mgo8e7d9i1v5n991",,,"timeline",,,,"60.492396011948586","70.51186700165272","8"
"console-replay:mgo8e36r1sskr478",,,"timeline",,,,"60.479739993810654","124.78918199241161","8"
"console-replay:mgo86dppndcrf770",,,"timeline",,,,"60.46385399997234","124.00852701067924","8"
"console-replay:mgo85yjc2g2ostww",,,"timeline",,,,"60.4541140049696","67.47070099413395","8"
"console-replay:mgo85u8s22nmudno",,,"timeline",,,,"60.42151099443436","65.9934850037098","8"
"console-replay:mgo8fd4bpdrzfvm4",,,"timeline",,,,"60.421146005392075","64.60629400610924","8"
"console-replay:mgo8ucnmmpqnplmt",,,"timeline",,,,"60.376979008316994","59.222350001335144","8"
"console-replay:mgo92qoqmyy37qqz",,,"timeline",,,,"60.325781002640724","70.85829500854015","8"
"console-replay:mgo96rhxddnhme9w",,,"timeline",,,,"60.28781299293041","62.04866099357605","8"
"console-replay:mgo862mfhijiadfr",,,"timeline",,,,"60.263542011380196","116.05136600136757","8"
"console-replay:mgo8uwntkrnn5dxp",,,"timeline",,,,"60.21130199730396","66.83490300178528","8"
"console-replay:mgo8ul075e780kwi",,,"timeline",,,,"60.20755200088024","90.399168998003","8"
"console-replay:mgo96raqueg7v602",,,"timeline",,,,"60.20390599966049","122.34178599715233","8"
"console-replay:mgo96ryngea9fj4s",,,"timeline",,,,"60.187448009848595","103.44996300339699","8"
"console-replay:mgo8f1el0o3q871n",,,"timeline",,,,"60.17156200110912","63.45780999958515","8"
"console-replay:mgo92kwv3x707dcj",,,"timeline",,,,"60.1676569879055","98.94592300057411","8"
"console-replay:mgo8uhy4oraryjpn",,,"timeline",,,,"60.08796799182892","54.80741000175476","8"
"console-replay:mgo8fy2njq1r88q8",,,"timeline",,,,"60.071457996964455","98.25358600914478","8"
"console-replay:mgo8e6logp9u3z5g",,,"timeline",,,,"60.04635399580002","117.14509598910809","8"
"console-replay:mgo862xpr8uiuk1w",,,"timeline",,,,"59.97656200826168","122.27183400094509","8"
"console-replay:mgo86dz3s1r9oyva",,,"timeline",,,,"59.97411400079727","61.07514101266861","8"
"console-replay:mgo96dvkjae69nyl",,,"timeline",,,,"59.95734399557114","74.63585498929024","8"
"console-replay:mgo92l12zifb3rqa",,,"timeline",,,,"59.91140599548817","57.89232900738716","8"
"console-replay:mgo8e33l95sgkipk",,,"timeline",,,,"59.90140599012375","92.43688999116421","8"
"console-replay:mgo96cnwybcunuoj",,,"timeline",,,,"59.85442699491978","57.44127199053764","8"
"console-replay:mgo8fphji37gyj4s",,,"timeline",,,,"59.84046898782253","83.69068399071693","8"
"console-replay:mgo96ecng88nrwmw",,,"timeline",,,,"59.78463600575924","84.61590699851513","8"
"console-replay:mgo96muz7773tg17",,,"timeline",,,,"59.767708003520966","118.71798600256443","8"
"console-replay:mgo8ultfsmjzw0t1",,,"timeline",,,,"59.76171900331974","61.53666900098324","8"
"console-replay:mgo8url00fr9oh9d",,,"timeline",,,,"59.750728994607925","116.80288499593735","8"
"console-replay:mgo8fpadxng049k9",,,"timeline",,,,"59.71864598989487","64.07740299403667","8"
"console-replay:mgo92fi6iskxcvdy",,,"timeline",,,,"59.71395900845528","68.2410089969635","8"
"console-replay:mgo96mrxro76amps",,,"timeline",,,,"59.699947997927666","104.75282999873161","8"
"console-replay:mgo85skhhh7udh3w",,,"timeline",,,,"59.6988539993763","54.41437101364136","8"
"console-replay:mgo96qdzv2da7b5g",,,"timeline",,,,"59.681093990802765","63.70527599751949","8"
"console-replay:mgo8e7pb8iumclcd",,,"timeline",,,,"59.672760009765625","103.24197100102901","8"
"console-replay:mgo8usfeo7sqck2l",,,"timeline",,,,"59.638125002384186","90.11241599917412","8"
"console-replay:mgo85zu1iiezv27q",,,"timeline",,,,"59.57338500022888","64.93924199044704","8"
"console-replay:mgo8e4u5kbzb9c8p",,,"timeline",,,,"59.55817699432373","101.73662899434566","8"
"console-replay:mgo8f4xhbxa1cudr",,,"timeline",,,,"59.53619799017906","74.74405899643898","8"
"console-replay:mgo92hcnqrre5uki",,,"timeline",,,,"59.5198960006237","57.775955989956856","8"
"console-replay:mgo96ce5e2by0veg",,,"timeline",,,,"59.479739993810654","67.74351198971272","8"
"console-replay:mgo86dmqdgx6fmdp",,,"timeline",,,,"59.47942699491978","96.07602700591087","8"
"console-replay:mgo8fcr167gkl9wt",,,"timeline",,,,"59.44426999986172","66.28072100877762","8"
"console-replay:mgo96rdsidb5i2ga",,,"timeline",,,,"59.43656198680401","71.02829599380493","8"
"console-replay:mgo8fij0t5e6knsb",,,"timeline",,,,"59.423020005226135","68.3705620020628","8"
"console-replay:mgo92kd9xdd3rtt7",,,"timeline",,,,"59.363073006272316","69.76274600625038","8"
"console-replay:mgo8uw6je89zwdwi",,,"timeline",,,,"59.34598898887634","79.91177800297737","8"
"console-replay:mgo8uwjcu4ba7909",,,"timeline",,,,"59.33885399997234","60.36844500899315","8"
"console-replay:mgo8umde9edeultc",,,"timeline",,,,"59.3323960006237","69.14666900038719","8"
"console-replay:mgo8ulpt740ubavt",,,"timeline",,,,"59.32317699491978","51.509480997920036","8"
"console-replay:mgo92gemqlhi43qc",,,"timeline",,,,"59.209948003292084","80.26147699356079","8"
"console-replay:mgo92gowazzoaovj",,,"timeline",,,,"59.1623429954052","66.69053898751736","8"
"console-replay:mgo8uuv8mk9gash0",,,"timeline",,,,"59.15395899116993","56.41735200583935","8"
"console-replay:mgo8uvmuecosm6d6",,,"timeline",,,,"59.12770800292492","90.30969500541687","8"
"console-replay:mgo8e4afqhlug7is",,,"timeline",,,,"59.06739600002766","111.5439729988575","8"
"console-replay:mgo96pyopd7lf1zf",,,"timeline",,,,"59.06650999188423","75.1178279966116","8"
"console-replay:mgo8fxn6615okcy7",,,"timeline",,,,"59.0633329898119","100.06994000077248","8"
"console-replay:mgo92gkkdxsrqt3k",,,"timeline",,,,"58.98432199656963","101.66116398572922","8"
"console-replay:mgo92ghji39am93r",,,"timeline",,,,"58.96291598677635","88.75491398572922","8"
"console-replay:mgo92jfby8y2amxm",,,"timeline",,,,"58.95166699588299","89.29618400335312","8"
"console-replay:mgo96q4jo2qgojm0",,,"timeline",,,,"58.94343701004982","122.37866100668907","8"
"console-replay:mgo966nynh8fq4cl",,,"timeline",,,,"58.92927099764347","81.01748399436474","8"
"console-replay:mgo92f6he2e95xjk",,,"timeline",,,,"58.90796899795532","121.96955099701881","8"
"console-replay:mgo966ueaqu7mvig",,,"timeline",,,,"58.85932299494743","78.90618099272251","8"
"console-replay:mgo92htcydcsdfkc",,,"timeline",,,,"58.79796899855137","81.01303899288177","8"
"console-replay:mgo92l6gz6a5ryd5",,,"timeline",,,,"58.741198003292084","59.15269300341606","8"
"console-replay:mgo85srcjtsr9zhp",,,"timeline",,,,"58.703073009848595","60.48978701233864","8"
"console-replay:mgo8f1lisza6l5jx",,,"timeline",,,,"58.58484400808811","73.43359200656414","8"
"console-replay:mgo8une2qgd89c93",,,"timeline",,,,"58.54755200445652","59.962085008621216","8"
"console-replay:mgo96meundvgls2i",,,"timeline",,,,"58.503957986831665","113.21288199722767","8"
"console-replay:mgo96lpqaag9p15u",,,"timeline",,,,"58.3717699944973","72.91038200259209","8"
"console-replay:mgo96cuqcwund39m",,,"timeline",,,,"58.26671800017357","61.82022999227047","8"
"console-replay:mgo92qv50eqir86l",,,"timeline",,,,"58.09817700088024","56.44563800096512","8"
"console-replay:mgo8um0e7ufrv6l2",,,"timeline",,,,"58.085468992590904","73.92567899823189","8"
"console-replay:mgo92k8kyxmkjtss",,,"timeline",,,,"57.9677599966526","85.69800600409508","8"
"console-replay:mgo968iifgv2bbcv",,,"timeline",,,,"57.960051998496056","74.9483159929514","8"
"console-replay:mgo8utjgz99p5wyb",,,"timeline",,,,"57.9489059895277","91.06496699154377","8"
"console-replay:mgo8e3str768837c",,,"timeline",,,,"57.93463499844074","115.85371199250221","8"
"console-replay:mgo8f32q2oxab302",,,"timeline",,,,"57.783490002155304","66.82473699748516","8"
"console-replay:mgo96c7ebxlixf6d",,,"timeline",,,,"57.77531199157238","65.20434498786926","8"
"console-replay:mgo8fojtbmd5akz4",,,"timeline",,,,"57.769219011068344","64.75662200152874","8"
"console-replay:mgo8fk6zvt4qkklh",,,"timeline",,,,"57.73494799435139","61.545300990343094","8"
"console-replay:mgo92gub8yhmhkwm",,,"timeline",,,,"57.686353996396065","70.14335198700428","8"
"console-replay:mgo96s9upq782g4s",,,"timeline",,,,"57.63869799673557","103.92704600095749","8"
"console-replay:mgo85y2j7cj67wky",,,"timeline",,,,"57.60234400629997","61.90700399875641","8"
"console-replay:mgo8e4o9l6u0sy8o",,,"timeline",,,,"57.600155994296074","127.26444099843502","8"
"console-replay:mgo85izwakiuk9xy",,,"timeline",,,,"57.574010998010635","58.96220898628235","8"
"console-replay:mgo8fskoot15b6vs",,,"timeline",,,,"57.49989600479603","83.02859899401665","8"
"console-replay:mgo8fxqqu0tjxq9g",,,"timeline",,,,"57.44932200014591","67.90941900014877","8"
"console-replay:mgo85k4oq84mo0k2",,,"timeline",,,,"57.44635398685932","83.91658298671246","8"
"console-replay:mgo8e7x2i607djft",,,"timeline",,,,"57.36838500201702","60.255303993821144","8"
"console-replay:mgo8fzhpuhni3od3",,,"timeline",,,,"57.35656200349331","94.49040800333023","8"
"console-replay:mgo8urslifvu7pjp",,,"timeline",,,,"57.284947991371155","67.71699899435043","8"
"console-replay:mgo92r55i876oltj",,,"timeline",,,,"57.21197898685932","55.03845100104809","8"
"console-replay:mgo92hqifx06pdg4",,,"timeline",,,,"57.196301996707916","73.40189298987389","8"
"console-replay:mgo85kp1kj7kk7dq",,,"timeline",,,,"57.142865002155304","96.05142699182034","8"
"console-replay:mgo8fxa64urrtojv",,,"timeline",,,,"57.124792009592056","110.13082601130009","8"
"console-replay:mgo8e8kzrtmpcwh0",,,"timeline",,,,"57.10046799480915","120.76743899285793","8"
"console-replay:mgo8fn2oi6wk8fwt",,,"timeline",,,,"57.08052100241184","70.52172699570656","8"
"console-replay:mgo92h5lqbkypiox",,,"timeline",,,,"57.0385410040617","88.69871599972248","8"
"console-replay:mgo96s1vrdbluw5a",,,"timeline",,,,"57.028593987226486","55.95459799468517","8"
"console-replay:mgo8fi5qzme25fk4",,,"timeline",,,,"57.02463600039482","66.32639600336552","8"
"console-replay:mgo8umo7zh3i0vea",,,"timeline",,,,"56.95177100598812","86.47437700629234","8"
"console-replay:mgo8ft0fakwkjskp",,,"timeline",,,,"56.94802099466324","89.17437998950481","8"
"console-replay:mgo92q4m9xkopu3v",,,"timeline",,,,"56.91015700995922","59.13043101131916","8"
"console-replay:mgo8urbzvd8xlwwb",,,"timeline",,,,"56.83395799994469","108.92251999676228","8"
"console-replay:mgo85so85q349zxr",,,"timeline",,,,"56.824009999632835","67.20473501086235","8"
"console-replay:mgo85rqhi17063lo",,,"timeline",,,,"56.81114599108696","51.646611005067825","8"
"console-replay:mgo92ji8a7o7ajwe",,,"timeline",,,,"56.79520899057388","95.9235280007124","8"
"console-replay:mgo8e8hxnazxx2c7",,,"timeline",,,,"56.77119800448418","90.16712699830532","8"
"console-replay:mgo8fsokcm5i1axi",,,"timeline",,,,"56.74380199611187","62.77839098870754","8"
"console-replay:mgo8e6yuywlg4m5n",,,"timeline",,,,"56.699946999549866","106.91894999146461","8"
"console-replay:mgo8fu7sviwvr7go",,,"timeline",,,,"56.6802079975605","50.269847989082336","8"
"console-replay:mgo96bdcofjr7o4g",,,"timeline",,,,"56.655781000852585","64.44851198792458","8"
"console-replay:mgo96r2bbui59egt",,,"timeline",,,,"56.52328100800514","55.02605700492859","8"
"console-replay:mgo8fu4x3jpwk1vc",,,"timeline",,,,"56.52052100002766","107.11708799004555","8"
"console-replay:mgo8uvzd0ujpkss3",,,"timeline",,,,"56.44546900689602","59.33625800907612","8"
"console-replay:mgo8uivutlsvh9js",,,"timeline",,,,"56.41994799673557","64.6230870038271","8"
"console-replay:mgo96bu4bp4y7qp4",,,"timeline",,,,"56.411561995744705","61.957834988832474","8"
"console-replay:mgo8e3yy41tij1dm",,,"timeline",,,,"56.39374999701977","95.01595199108124","8"
"console-replay:mgo85yztsve986bq",,,"timeline",,,,"56.37536500394344","53.41372199356556","8"
"console-replay:mgo8uused5nwuy33",,,"timeline",,,,"56.33328099548817","111.65422700345516","8"
"console-replay:mgo8e6t686rghrrg",,,"timeline",,,,"56.27359400689602","63.33915899693966","8"
"console-replay:mgo8fknh8xblojlk",,,"timeline",,,,"56.27354200184345","53.62222799658775","8"
"console-replay:mgo8e6cf4xze2swf",,,"timeline",,,,"56.23140600323677","99.7604089975357","8"
"console-replay:mgo96mirh2431rn3",,,"timeline",,,,"56.22942699491978","59.94418400526047","8"
"console-replay:mgo85y9arew315mq",,,"timeline",,,,"56.21062499284744","58.017211988568306","8"
"console-replay:mgo96b6uv58cql2f",,,"timeline",,,,"56.20489600300789","64.64741899073124","8"
"console-replay:mgo96mxw2rpk0uov",,,"timeline",,,,"56.200625002384186","124.57678800821304","8"
"console-replay:mgo92rlvu88st2yb",,,"timeline",,,,"56.19911499321461","55.095326006412506","8"
"console-replay:mgo8fy660646814y",,,"timeline",,,,"56.17182299494743","62.079107001423836","8"
"console-replay:mgo8uszgzie74gmm",,,"timeline",,,,"56.163073003292084","88.64027999341488","8"
"console-replay:mgo8fsrgosj3gdbx",,,"timeline",,,,"56.10692700743675","86.04333899915218","8"
"console-replay:mgo8um6wjhcdzsb2",,,"timeline",,,,"56.07411499321461","67.49005399644375","8"
"console-replay:mgo85z6q674mdng7",,,"timeline",,,,"56.043438002467155","61.8649719953537","8"
"console-replay:mgo8f0410cauucfq",,,"timeline",,,,"56.02734299004078","62.9498939961195","8"
"console-replay:mgo8fjwtbh0tv9ji",,,"timeline",,,,"55.98260401189327","53.308374002575874","8"
"console-replay:mgo96llk5fpm2t4d",,,"timeline",,,,"55.9583860039711","112.49126800894737","8"
"console-replay:mgo8fma6j3kv0k5n",,,"timeline",,,,"55.95093800127506","123.82214400172234","8"
"console-replay:mgo8f67ung2mgbbf",,,"timeline",,,,"55.88171900808811","55.42567300796509","8"
"console-replay:mgo8uhrnfrjg2zdo",,,"timeline",,,,"55.823593989014626","57.79647299647331","8"
"console-replay:mgo92qs2y4oo1q8o",,,"timeline",,,,"55.789374992251396","61.37907600402832","8"
"console-replay:mgo92qyq488zh2o0",,,"timeline",,,,"55.7717179954052","61.55740900337696","8"
"console-replay:mgo8uhv4j24ajg8z",,,"timeline",,,,"55.76265600323677","62.82454600930214","8"
"console-replay:mgo92f3nqc6s6771",,,"timeline",,,,"55.758698001503944","113.77647799253464","8"
"console-replay:mgo8e3mmyxed7wuq",,,"timeline",,,,"55.71520799398422","51.056420996785164","8"
"console-replay:mgo85tlejcfpeb7z",,,"timeline",,,,"55.710468992590904","58.81911000609398","8"
"console-replay:mgo8e4r6l4v088g8",,,"timeline",,,,"55.70812501013279","70.66142000257969","8"
"console-replay:mgo8fnxqcjgr26rg",,,"timeline",,,,"55.67729100584984","107.02099700272083","8"
"console-replay:mgo8fzeo7kj54mte",,,"timeline",,,,"55.66770799458027","63.270929008722305","8"
"console-replay:mgo8ft44lzk14x0v",,,"timeline",,,,"55.576301991939545","60.79068198800087","8"
"console-replay:mgo86d2utebqhhd3",,,"timeline",,,,"55.54354201257229","95.82311101257801","8"
"console-replay:mgo8uo8894kxb2fn",,,"timeline",,,,"55.53203199803829","63.47416800260544","8"
"console-replay:mgo96q1oq74s3rmp",,,"timeline",,,,"55.461666002869606","98.19548399746418","8"
"console-replay:mgo8urvmo3euoaiz",,,"timeline",,,,"55.45234400033951","94.13413499295712","8"
"console-replay:mgo864dfvnimdnm0",,,"timeline",,,,"55.44062501192093","59.18063600361347","8"
"console-replay:mgo92h2smh2emudn",,,"timeline",,,,"55.4332289993763","81.99366399645805","8"
"console-replay:mgo8fmyxaxbe5odf",,,"timeline",,,,"55.421665996313095","53.986465990543365","8"
"console-replay:mgo864all6leua4r",,,"timeline",,,,"55.38093699514866","117.61412499845028","8"
"console-replay:mgo96dl2k2t80egh",,,"timeline",,,,"55.36057299375534","47.54137599468231","8"
"console-replay:mgo86bz1pr53f3xz",,,"timeline",,,,"55.34427100419998","102.73550701141357","8"
"console-replay:mgo8us4sr66zvtv3",,,"timeline",,,,"55.31520800292492","103.94142599403858","8"
"console-replay:mgo8fxtn5gme0ye7",,,"timeline",,,,"55.30994799733162","90.15160700678825","8"
"console-replay:mgo8fj7ise9boywo",,,"timeline",,,,"55.29401099681854","102.03728099167347","8"
"console-replay:mgo86dbw4uz7dwrp",,,"timeline",,,,"55.26791599392891","101.98238100111485","8"
"console-replay:mgo96efkmh13eh3h",,,"timeline",,,,"55.23520800471306","65.23351100087166","8"
"console-replay:mgo96b33u8g6n15l",,,"timeline",,,,"55.21270799636841","48.16950199007988","8"
"console-replay:mgo96l1q45bwy2cl",,,"timeline",,,,"55.209114000201225","69.13272599875927","8"
"console-replay:mgo8uh11uyggsve5",,,"timeline",,,,"55.20281200110912","58.2732959985733","8"
"console-replay:mgo96nfjr7q2c1f1",,,"timeline",,,,"55.156718000769615","86.17902700603008","8"
"console-replay:mgo96doti51nnqcb",,,"timeline",,,,"55.14739599823952","62.098875999450684","8"
"console-replay:mgo8uip6lxxu1fl9",,,"timeline",,,,"55.14604200422764","63.24116000533104","8"
"console-replay:mgo8unhmavftndhu",,,"timeline",,,,"55.1428120136261","64.4686990082264","8"
"console-replay:mgo85wmyb9ccmxu2",,,"timeline",,,,"55.14020800590515","116.9370039999485","8"
"console-replay:mgo85telf18r7l49",,,"timeline",,,,"55.10343700647354","53.214787006378174","8"
"console-replay:mgo96nibow091dky",,,"timeline",,,,"55.09062498807907","90.36834999918938","8"
"console-replay:mgo86cb5ozxfb88a",,,"timeline",,,,"55.066459000110626","57.9746740013361","8"
"console-replay:mgo8e42fb5cwtd89",,,"timeline",,,,"55.0208860039711","58.86402499675751","8"
"console-replay:mgo92hi08gedvnay",,,"timeline",,,,"55.002343997359276","53.451215997338295","8"
"console-replay:mgo8fufpca53a83n",,,"timeline",,,,"54.93270801007748","93.76745200157166","8"
"console-replay:mgo8uv3e8tihok3v",,,"timeline",,,,"54.90479199588299","105.92250800132751","8"
"console-replay:mgo864kv1044vnxt",,,"timeline",,,,"54.903750002384186","87.0596459954977","8"
"console-replay:mgo92ir4qb59d69b",,,"timeline",,,,"54.897968992590904","78.40347599983215","8"
"console-replay:mgo96qaqqgli6z34",,,"timeline",,,,"54.86692701280117","100.97683800756931","8"
"console-replay:mgo8ftvpirtib8t9",,,"timeline",,,,"54.85182300209999","93.16224399209023","8"
"console-replay:mgo8ujj1a3xjz2cs",,,"timeline",,,,"54.81182199716568","58.829857006669044","8"
"console-replay:mgo85wpvtc4ngmgs",,,"timeline",,,,"54.804739996790886","102.05413998663425","8"
"console-replay:mgo92h8lyhitxhz8",,,"timeline",,,,"54.77520799636841","97.87444499135017","8"
"console-replay:mgo96qzhl7ah6bp7",,,"timeline",,,,"54.77301999926567","111.98011900484562","8"
"console-replay:mgo862pmin82kn4u",,,"timeline",,,,"54.76041699945927","65.98214699327946","8"
"console-replay:mgo92lfa0wwod9c0",,,"timeline",,,,"54.74234400689602","84.42805801331997","8"
"console-replay:mgo92rpdqhoj4scb",,,"timeline",,,,"54.69640600681305","60.11428400874138","8"
"console-replay:mgo8e6w1xa5fau68",,,"timeline",,,,"54.693905994296074","84.81431499123573","8"
"console-replay:mgo8uscgydrvisgy",,,"timeline",,,,"54.66604100167751","59.69793599843979","8"
"console-replay:mgo92ktzx79ydhmv",,,"timeline",,,,"54.65479199588299","85.4499330073595","8"
"console-replay:mgo86c8c9x4ma34e",,,"timeline",,,,"54.625886008143425","117.39915300905704","8"
"console-replay:mgo85ubquyyuyobl",,,"timeline",,,,"54.58703100681305","48.62489101290703","8"
"console-replay:mgo85rxp90fn6y5f",,,"timeline",,,,"54.572135999798775","69.25171500444412","8"
"console-replay:mgo8usoaome19p11",,,"timeline",,,,"54.57114599645138","85.07736299932003","8"
"console-replay:mgo8ulmvl7a53lmn",,,"timeline",,,,"54.567811995744705","60.33510600030422","8"
"console-replay:mgo85xbt0i9sds3k",,,"timeline",,,,"54.56385400891304","51.427524998784065","8"
"console-replay:mgo85zx3cgfhu6rn",,,"timeline",,,,"54.54213601350784","49.55205500125885","8"
"console-replay:mgo92p7ffos02x3y",,,"timeline",,,,"54.51604099571705","61.11683700978756","8"
"console-replay:mgo85xihrmgse4r9",,,"timeline",,,,"54.51119799911976","51.02564999461174","8"
"console-replay:mgo8fomq34blmqja",,,"timeline",,,,"54.48922599852085","46.48922599852085","8"
"console-replay:mgo8uss0mesx35ho",,,"timeline",,,,"54.484426990151405","59.3534569889307","8"
"console-replay:mgo8ut8j64duf8b5",,,"timeline",,,,"54.47046799957752","94.16876900196075","8"
"console-replay:mgo92pxua8yybyf7",,,"timeline",,,,"54.43916700780392","52.531629011034966","8"
"console-replay:mgo8uw3rwjnskwhb",,,"timeline",,,,"54.36984300613403","55.24802801012993","8"
"console-replay:mgo96r7v8q0kjcsh",,,"timeline",,,,"54.34864500164986","93.43652500212193","8"
"console-replay:mgo92k2uiu6od0i3",,,"timeline",,,,"54.32739599049091","68.02092300355434","8"
"console-replay:mgo8uvcawoxvlch1",,,"timeline",,,,"54.31583300232887","105.78636200726032","8"
"console-replay:mgo96rpaazw3ogiz",,,"timeline",,,,"54.30161400139332","80.4514729976654","8"
"console-replay:mgo92k5tv22ts99c",,,"timeline",,,,"54.28114600479603","78.89154800772667","8"
"console-replay:mgo8uwfqxd13lrj1",,,"timeline",,,,"54.252759993076324","85.39443400502205","8"
"console-replay:mgo8uvprlmrpra94",,,"timeline",,,,"54.159427002072334","110.18011200428009","8"
"console-replay:mgo864hvkfsvbexl",,,"timeline",,,,"54.14911399781704","60.68855199217796","8"
"console-replay:mgo96qltgi47xtra",,,"timeline",,,,"53.88953199982643","98.9451719969511","8"
"console-replay:mgo96r541j80jzk5",,,"timeline",,,,"53.79979199171066","74.3179319947958","8"
"console-replay:mgo92kr947yb5xg6",,,"timeline",,,,"53.616198003292084","81.7904020100832","8"
"console-replay:mgo8usiecjypo5kr",,,"timeline",,,,"53.58499999344349","112.09595699608326","8"
"console-replay:mgo86cj8ukwux47k",,,"timeline",,,,"53.32890599966049","107.73139201104641","8"
"console-replay:mgo95sknsery3p9w",,,"timeline",,,,"13.149165987968445","26.312135994434357","8"
"console-replay:mgo92f0rdbn8rjms",,,"timeline",,,,"12.383332997560501","64.07064399123192","8"
"console-replay:mgo8dwaqeilztl9v",,,"timeline",,,,"10.074322998523712","24.689236998558044","8"
"console-replay:mgo8ty3h0vgvrh09",,,"timeline",,,,"9.61557300388813","24.860181003808975","8"
"console-replay:mgo856ma03iicpiu",,,"timeline",,,,"9.044739007949829","15.089193999767303","8"
